busy_spin,hepnos_num_event_databases,hepnos_num_product_databases,hepnos_num_providers,hepnos_num_rpc_threads,hepnos_pes_per_node,hepnos_pool_type,hepnos_progress_thread,loader_batch_size,loader_pes_per_node,loader_progress_thread,pep_ibatch_size,pep_num_threads,pep_obatch_size,pep_pes_per_node,pep_progress_thread,job_id,objective,timestamp_submit,timestamp_gather,timestamp_start,timestamp_end,dequed
True,15,1,29,43,8,fifo_wait,False,2039,16,False,703,6,132,16,True,5,-2.5042346529474266,15.58673095703125,80.8939118385315,16.90531325340271,80.89133286476135,"386,387,388,389"
True,4,1,21,57,4,fifo_wait,False,2042,16,False,704,8,128,16,True,25,-2.566155788865992,15.587251663208008,86.83984041213989,23.307305812835693,86.83853888511658,"685,686,687,688"
True,1,1,32,27,4,fifo,False,2048,16,True,11,5,8,16,True,13,-2.826678440494856,15.586939334869385,87.82359337806702,19.49436330795288,87.82236242294312,"457,458,510,511"
True,15,1,1,33,8,fifo_wait,False,2039,16,True,17,13,40,16,True,15,-2.819762648849599,15.58699107170105,88.20167541503906,19.61691665649414,87.92394924163818,"533,534,535,536"
True,15,1,32,27,8,fifo_wait,False,2048,16,True,125,7,40,8,True,31,-2.6475981798088357,15.58740758895874,89.7885160446167,25.06819748878479,89.78722500801086,"809,873,879,895"
True,13,1,19,26,8,fifo,False,2043,16,True,67,7,318,32,False,11,-3.0568544685782375,15.586887836456299,92.36501002311707,18.133896589279175,92.36376023292542,"423,427,428,429"
True,5,1,28,13,4,fifo_wait,False,2038,16,True,161,16,34,16,False,17,-3.0655252742626673,15.587043523788452,94.57949042320251,20.741393089294434,94.57827568054199,"541,542,543,544"
True,1,1,22,52,4,fifo_wait,True,2048,16,False,968,16,591,16,False,19,-3.0625606211548217,15.587095975875854,94.9552583694458,20.801809310913086,94.58807897567749,"549,550,551,552"
False,6,1,32,41,4,fifo_wait,True,2045,16,False,47,14,29,16,False,26,-2.9534837926633246,15.58727741241455,95.33968734741211,23.353549480438232,95.15822625160217,"689,690,691,692"
True,4,1,23,48,4,fifo,True,2047,16,True,268,20,199,32,True,14,-3.2539318030157642,15.586965084075928,97.95314741134644,19.613380670547485,97.95184659957886,"512,513,514,532"
False,14,1,24,36,16,fifo_wait,False,2048,16,False,183,15,100,4,True,8,-3.4936644679428723,15.586808919906616,100.89211297035217,16.94662570953369,100.89084768295288,"407,408,409,411"
True,3,1,24,55,4,fifo_wait,False,2048,16,False,545,11,53,8,False,21,-3.346346293593476,15.58714771270752,102.55941200256348,22.00163745880127,101.9672257900238,"557,558,559,608"
True,14,1,1,10,16,fifo_wait,False,2047,16,False,10,17,37,32,True,18,-3.483173451682673,15.587069034576416,105.40969705581665,20.777547359466553,105.40829610824585,"545,546,547,548"
True,2,1,24,25,4,fifo_wait,False,2047,16,True,80,24,111,16,False,16,-3.486261402593416,15.587017297744751,107.2167022228241,19.72694683074951,107.06895065307617,"537,538,539,540"
True,12,1,13,42,4,fifo,False,2030,16,True,824,2,37,32,False,7,-3.6429070826041476,15.586782932281494,109.16996932029724,16.910634756088257,108.29827809333801,"394,395,405,406"
True,2,1,16,44,4,fifo_wait,False,2040,16,True,56,19,948,32,True,23,-3.4886400545363974,15.587198972702026,109.17002272605896,22.1259126663208,107.97663640975952,"671,678,679,680"
False,14,1,13,30,16,fifo_wait,False,2048,16,False,11,8,68,8,False,24,-3.610469759517846,15.587224960327148,112.15498399734497,22.229322910308838,111.75606751441956,"681,682,683,684"
True,3,1,3,36,8,fifo_wait,False,2048,16,True,11,8,9,1,True,32,-3.660979343437353,15.587433815002441,118.08639621734619,25.22380566596985,118.08499956130981,"1001,1003,1018,1019"
True,5,1,30,27,4,fifo_wait,False,2048,16,True,742,28,575,16,False,1,-3.8507363447801684,15.586593866348267,119.63594555854797,15.661043882369995,119.44074392318726,"370,371,372,373"
True,8,1,16,13,8,fifo,False,2046,16,True,22,12,213,4,False,20,-3.8962903769821464,15.587122201919556,121.51296877861023,21.000701189041138,121.51172757148743,"553,554,555,556"
False,6,1,31,42,4,fifo_wait,True,2047,16,True,29,3,78,16,False,30,-3.8105742274068715,15.587381601333618,123.32609820365906,24.877872705459595,122.01135182380676,"805,806,807,808"
True,8,1,26,20,4,fifo,False,2032,16,True,633,30,11,8,False,29,-3.772437280009769,15.587355375289917,123.32614874839783,24.856943130493164,123.25487470626831,"801,802,803,804"
True,1,1,32,12,8,fifo_wait,False,2048,16,False,343,29,347,8,False,12,-4.0945049664848945,15.586913824081421,133.3651578426361,18.1732177734375,133.36357641220093,"451,454,455,456"
True,3,1,28,56,8,fifo_wait,True,2048,16,True,218,22,39,4,True,22,-4.083752831640119,15.587173223495483,135.42857670783997,22.08140230178833,134.11838364601135,"621,624,659,670"
True,15,1,5,18,8,fifo,False,2034,16,True,27,25,229,4,True,2,-4.196028898060922,15.58664608001709,135.42862010002136,15.661404848098755,134.94463562965393,"374,375,376,377"
False,1,1,31,53,8,fifo_wait,True,2048,16,True,183,17,18,4,False,28,-4.123426375529675,15.587329149246216,139.44632077217102,23.65716576576233,139.44496273994446,"697,698,699,800"
True,1,1,25,15,4,fifo_wait,False,2041,16,False,171,25,148,4,True,27,-4.218441535738971,15.587303161621094,143.19985556602478,23.42303967475891,143.19863486289978,"693,694,695,696"
True,13,1,23,22,4,fifo_wait,False,2045,16,True,611,9,70,8,True,33,-2.827031277388768,81.27385187149048,150.8003270626068,81.27629399299622,150.79906177520752,"386,387,388,389"
False,15,1,3,56,8,fifo_wait,False,2048,16,True,83,4,17,2,True,34,-2.9173651430296648,87.2155282497406,157.49410581588745,87.21848607063293,157.49287509918213,"685,686,687,688"
True,12,1,31,48,8,fifo_wait,True,2041,16,True,376,14,697,32,True,35,-3.109306245904394,88.20045328140259,162.47711324691772,88.20298314094543,162.47603678703308,"457,458,510,511"
False,13,1,28,49,4,fifo_wait,False,2048,16,False,73,26,15,32,False,36,-3.1648093418373646,88.76652884483337,168.39302229881287,88.76897692680359,168.39184284210205,"533,534,535,536"
True,14,1,31,27,16,fifo_wait,False,2048,16,False,234,17,44,16,True,41,-3.1561213935708663,95.71667695045471,170.22270369529724,95.71898412704468,170.0629644393921,"689,690,691,692"
True,1,1,5,36,8,fifo_wait,False,2041,16,False,218,3,55,16,True,46,-2.4777264191740245,109.1681501865387,172.50100708007812,109.17106294631958,170.90736413002014,"537,538,539,540"
True,16,1,18,20,8,fifo,False,1267,16,True,45,17,832,8,True,39,-3.356504500859576,94.95403003692627,175.09048342704773,94.95668911933899,174.62587356567383,"541,542,543,544"
True,11,1,1,61,8,fifo_wait,True,2048,16,True,710,1,285,16,True,49,-2.4071817306607763,114.03059267997742,177.91275262832642,115.40023374557495,177.47848463058472,"681,682,683,684"
True,9,1,14,50,4,fifo_wait,False,2048,16,True,20,5,19,2,False,9,-4.662393170513872,15.586836099624634,177.9128065109253,18.098790168762207,176.0560622215271,"412,413,414,415"
True,1,1,4,51,8,fifo_wait,False,2048,16,True,572,5,681,16,True,50,-2.399630308210285,119.63196563720703,183.52495551109314,119.63655805587769,183.52377700805664,"1001,1003,1018,1019"
True,13,1,3,49,8,fifo_wait,False,2048,16,True,429,2,976,8,True,51,-2.435997353095325,121.43828010559082,186.44241857528687,122.83011722564697,185.97032976150513,"370,371,372,373"
False,16,1,1,63,32,fifo_wait,True,2042,16,False,1024,1,1024,8,True,52,-2.6855616785905787,123.32464361190796,188.90999627113342,123.3272819519043,188.90896320343018,"553,554,555,556"
True,1,1,32,0,8,fifo,False,12,16,False,1024,1,8,2,True,44,-3.5940891214854833,104.46614646911621,193.06783413887024,105.90134716033936,193.06635570526123,"557,558,559,608"
True,16,1,32,63,32,fifo_wait,False,2008,16,True,1024,1,1024,32,True,54,-2.518342155548576,126.10230731964111,196.45846247673035,127.44989848136902,195.59709644317627,"801,802,803,804"
True,14,1,2,63,2,fifo_wait,True,2042,16,False,1024,1,39,16,True,53,-2.840049980022328,126.10224080085754,199.82006669044495,127.39143395423889,198.78371453285217,"805,806,807,808"
True,16,1,1,1,8,fifo,False,895,16,True,990,23,693,8,True,45,-3.7799624629721844,107.21368050575256,203.61480522155762,107.21747064590454,201.8535885810852,"545,546,547,548"
True,1,1,6,52,4,fifo_wait,True,2048,16,False,709,10,721,2,True,48,-3.638051075068778,112.1532084941864,203.61484742164612,113.60736680030823,201.7797336578369,"394,395,405,406"
False,1,1,1,63,16,fifo_wait,True,2047,16,False,153,1,215,8,True,55,-2.6022847272312584,135.42713737487793,203.6148602962494,135.43020868301392,201.08411598205566,"451,454,455,456"
True,1,1,7,38,4,fifo_wait,True,2048,16,False,41,2,37,8,True,56,-2.5575417687767583,138.02214884757996,210.748610496521,139.96696853637695,205.16410303115845,"621,624,659,670"
True,6,1,28,55,4,fifo_wait,True,2047,16,False,25,28,109,2,True,3,-4.977831160921628,15.586676359176636,214.16170072555542,15.666658639907837,213.78689312934875,"378,379,380,381"
True,3,1,23,34,4,fifo_wait,True,2033,16,True,489,26,24,2,True,10,-4.953835095963595,15.586862325668335,214.16174697875977,18.10396122932434,211.10512161254883,"416,417,419,422"
False,13,1,32,63,32,fifo_wait,True,2048,16,False,888,6,488,32,True,58,-2.5996461049926296,141.607976436615,214.16176056861877,142.84777688980103,210.9096555709839,"697,698,699,800"
False,14,1,30,60,8,fifo_wait,True,2048,16,False,997,7,350,32,True,59,-2.7168828047147144,145.18001508712769,221.46168065071106,147.2372760772705,215.47449588775635,"693,694,695,696"
False,4,1,29,46,16,fifo_wait,False,2045,16,False,494,25,119,4,True,38,-4.2767873473254046,92.75028419494629,221.4617235660553,92.75280475616455,216.37010884284973,"423,427,428,429"
True,16,1,32,0,32,fifo,False,1,16,True,1024,9,9,2,True,42,-4.137839778679757,100.01429867744446,221.46173739433289,101.26798224449158,215.55446243286133,"512,513,514,532"
False,6,1,32,58,8,fifo_wait,True,2048,16,False,133,23,49,32,False,57,-3.302153503556715,138.0223205089569,230.29314970970154,139.961252450943,225.04761004447937,"374,375,376,377"
False,1,1,1,63,32,fifo_wait,False,2048,16,False,1024,1,712,8,True,61,-2.633444326487952,159.4942286014557,230.29319548606873,160.87867736816406,226.94308471679688,"685,686,687,688"
True,16,1,22,50,16,fifo_wait,False,60,16,True,187,4,1024,16,True,60,-3.2504229474483126,152.69080018997192,237.1514914035797,153.91747283935547,233.26235175132751,"386,387,388,389"
False,1,1,13,63,32,fifo_wait,False,2023,16,False,56,1,1024,8,True,62,-2.6583845633176852,164.6794536113739,237.15155005455017,165.95834040641785,234.4365999698639,"457,458,510,511"
True,14,1,6,0,2,fifo_wait,True,2048,16,True,8,6,9,32,True,47,-4.329314333384418,112.15311431884766,247.78186011314392,112.15584015846252,239.66027307510376,"671,678,679,680"
False,1,1,29,35,16,fifo_wait,False,2048,16,False,92,20,238,1,False,4,-5.1279037672167815,15.586703777313232,247.78189754486084,15.66667127609253,238.8173749446869,"382,383,384,385"
False,1,1,32,63,32,fifo_wait,False,2048,16,False,523,1,340,8,True,66,-2.594630859106261,177.91137647628784,247.78191018104553,177.91428923606873,245.21515774726868,"541,542,543,544"
False,1,1,32,59,32,fifo_wait,False,2046,16,False,1024,1,239,8,True,65,-2.5803965826049846,175.08916449546814,247.78191924095154,175.09196782112122,240.67883229255676,"537,538,539,540"
True,16,1,31,56,32,fifo_wait,True,2048,16,True,8,1,498,8,True,63,-2.6301383777997707,170.22132396697998,247.78192734718323,170.22390484809875,238.75131058692932,"533,534,535,536"
True,16,1,31,52,32,fifo_wait,True,1540,16,False,8,1,1024,8,True,64,-2.620612701896749,172.49877905845642,247.78193545341492,173.9387218952179,239.91991233825684,"689,690,691,692"
False,16,1,32,63,32,fifo_wait,True,2048,16,True,8,1,1024,32,True,68,-2.642258988175976,181.18086910247803,268.34353613853455,182.55993461608887,252.78242325782776,"681,682,683,684"
False,1,1,1,63,32,fifo_wait,False,2048,16,True,8,1,1024,8,True,69,-2.6791992534536018,186.44089770317078,268.3435776233673,186.44407629966736,255.1626648902893,"1001,1003,1018,1019"
False,1,1,32,63,32,fifo_wait,False,2048,16,False,1024,1,1024,8,True,67,-2.679732478689768,181.1808044910431,268.3435904979706,182.50335025787354,252.99874877929688,"412,413,414,415"
True,16,1,1,63,1,fifo_wait,False,2013,16,True,1024,1,1024,32,True,71,-3.2931745039556537,191.80896615982056,286.9312324523926,193.1524887084961,275.53996109962463,"553,554,555,556"
True,16,1,20,63,1,fifo,False,2034,16,False,28,16,8,32,False,70,-3.446474173878913,188.90137219429016,286.9312753677368,190.93959283828735,276.4547188282013,"370,371,372,373"
True,16,1,32,63,1,fifo_wait,False,2048,16,True,1024,1,1024,32,True,73,-3.263791293809117,199.81870102882385,286.9312891960144,199.82153224945068,282.39490246772766,"801,802,803,804"
False,4,1,30,42,8,fifo_wait,True,2046,16,True,1021,24,9,2,True,43,-4.900439946877571,102.55513286590576,297.49926114082336,102.56061220169067,289.50409507751465,"407,408,409,411"
True,3,1,22,29,1,fifo,False,2048,16,False,65,16,8,32,False,78,-3.381548267041378,214.1602442264557,303.57746291160583,214.16358876228333,303.32112646102905,"621,624,659,670"
True,14,1,26,20,16,fifo_wait,False,2047,16,False,8,3,178,2,False,6,-5.488024185385896,15.586757183074951,309.98699426651,16.90438485145569,309.9854075908661,"390,391,392,393"
True,1,1,1,63,32,fifo_wait,False,2048,16,True,8,4,8,16,True,85,-2.8349765068377244,237.14875555038452,315.78190660476685,239.7054045200348,313.7187421321869,"374,375,376,377"
True,5,1,26,0,32,fifo,False,2048,16,False,34,19,8,32,False,84,-3.200324198861849,230.29082894325256,322.6183919906616,232.49288058280945,319.0299541950226,"423,427,428,429"
True,1,1,1,63,32,fifo_wait,False,2048,16,False,8,1,8,4,True,87,-3.0239942569283524,247.77994203567505,329.90049982070923,250.0860722064972,329.89908742904663,"386,387,388,389"
False,16,1,30,0,1,fifo,False,2048,16,False,8,18,8,32,False,86,-3.6837485626049995,237.14886808395386,338.0069603919983,239.88211250305176,338.0055935382843,"685,686,687,688"
True,1,1,32,0,8,fifo,False,2048,16,True,1024,1,1024,4,True,92,-2.7266400790482157,268.33964824676514,347.62400221824646,271.8519129753113,347.62264108657837,"689,690,691,692"
True,1,1,27,0,32,fifo,False,2048,16,False,1024,1,8,4,True,90,-2.74836671530092,268.33954906463623,353.911744594574,271.8199677467346,347.6304008960724,"382,383,384,385"
False,1,1,1,0,32,fifo,False,2048,16,False,1024,1,1024,8,True,89,-2.6727078276214815,268.3394875526428,353.9117865562439,271.3951485157013,350.8868317604065,"533,534,535,536"
True,1,1,32,45,16,fifo,False,2048,16,False,1024,1,1024,16,True,93,-2.722878979864107,268.3396978378296,366.3836100101471,273.41562008857727,356.03724122047424,"537,538,539,540"
False,1,1,32,0,32,fifo_wait,False,2048,16,True,1024,1,1024,2,True,94,-2.8927421666363746,268.3397476673126,366.3836498260498,274.13794708251953,356.06549096107483,"541,542,543,544"
True,15,1,1,0,32,fifo,False,2048,16,False,1024,1,1024,16,True,97,-2.6410080618458776,286.92892146110535,366.3836634159088,289.44600796699524,364.14551424980164,"1001,1003,1018,1019"
True,9,1,15,12,32,fifo,False,921,16,False,8,18,8,32,False,81,-4.26606524171571,221.459374666214,366.38367342948914,223.80101132392883,356.1502103805542,"378,379,380,381"
True,14,1,1,0,32,fifo,False,2048,16,False,1024,1,1024,16,True,100,-2.6163819761350124,297.4968180656433,383.77061772346497,299.8766324520111,373.802371263504,"801,802,803,804"
True,1,1,1,0,32,fifo,False,2048,16,False,1024,1,8,4,True,99,-2.8625381466110853,297.4967670440674,383.7706563472748,299.75301909446716,375.93226146698,"370,371,372,373"
True,15,1,1,0,32,fifo,False,2048,16,True,1024,1,8,4,True,96,-2.85324605177681,286.928870677948,383.77066826820374,289.4260220527649,366.62264227867126,"412,413,414,415"
True,1,1,1,63,32,fifo,False,2048,16,True,16,3,129,16,True,88,-4.372086232405639,247.78000116348267,399.75772523880005,250.19076299667358,399.7563807964325,"457,458,510,511"
True,4,1,1,17,32,fifo,False,2048,16,False,1024,1,1024,16,True,104,-2.6944028422329493,322.61701703071594,405.77071738243103,324.8379383087158,405.4619164466858,"374,375,376,377"
True,1,1,1,17,32,fifo,False,2048,16,False,1024,1,1024,16,True,105,-2.6017780936860233,328.15468883514404,412.164354801178,329.4445114135742,408.3148036003113,"423,427,428,429"
True,16,1,30,54,8,fifo,False,968,16,True,239,1,228,16,True,106,-2.8983437376099443,336.38590025901794,422.1415784358978,337.6115117073059,417.4535491466522,"386,387,388,389"
True,16,1,32,53,8,fifo,False,933,16,True,1024,1,218,16,True,107,-2.7635069788079925,346.90188360214233,429.8372223377228,349.1024272441864,426.88243865966797,"685,686,687,688"
True,7,1,31,41,8,fifo_wait,False,2048,16,True,53,31,700,1,True,37,F10001,90.17825365066528,441.99381494522095,90.18097758293152,441.99242305755615,"809,873,879,895"
True,16,1,32,53,8,fifo,False,1034,16,False,1024,1,296,16,True,109,-2.700931913916419,366.3816747665405,454.56492495536804,369.0854275226593,447.3189651966095,"382,383,384,385"
True,1,1,1,41,16,fifo,False,2048,16,True,1024,1,640,16,True,110,-2.7891083871717846,366.3817353248596,454.5649666786194,369.12396478652954,447.4789092540741,"533,534,535,536"
True,16,1,19,46,16,fifo,False,2048,16,False,1024,1,456,16,True,108,-3.4406335507325436,353.910391330719,454.56497979164124,357.53702306747437,454.45872831344604,"689,690,691,692"
True,1,1,8,63,32,fifo,False,2048,16,True,1024,3,8,16,True,101,-4.478225670157932,303.57537722587585,468.88015937805176,303.5785539150238,463.61681628227234,"407,408,409,411"
True,9,1,29,11,8,fifo,False,2048,16,True,935,17,93,1,True,40,F10001,95.33844351768494,477.0355370044708,95.34100389480591,470.17564249038696,"549,550,551,552"
True,15,1,19,0,32,fifo,False,182,16,True,191,1,8,1,True,111,-3.275804400679032,383.7675709724426,477.0356011390686,386.759259223938,472.77150440216064,"537,538,539,540"
True,15,1,21,0,2,fifo,False,139,16,True,72,1,884,1,True,112,-3.8010329606413396,383.76763558387756,488.93835401535034,386.7600109577179,487.5483703613281,"541,542,543,544"
True,13,1,1,38,32,fifo,False,2048,16,True,1024,1,8,16,True,91,F10003,268.33959913253784,488.9383952617645,271.8476140499115,479.93362259864807,"671,678,679,680"
True,1,1,11,63,4,fifo_wait,False,230,16,True,10,1,27,1,True,113,-3.4462056367343488,383.7677209377289,488.93843698501587,386.92523884773254,479.8632447719574,"378,379,380,381"
True,7,1,1,63,32,fifo,False,2048,16,True,1024,4,8,16,True,102,-4.568307186659414,308.98525524139404,504.0326769351959,312.3909375667572,498.5375118255615,"621,624,659,670"
True,14,1,32,0,16,fifo,False,122,16,True,34,1,8,1,True,117,-3.3538303380488403,399.37334752082825,504.0327217578888,402.20211815834045,492.90058422088623,"370,371,372,373"
True,13,1,32,22,2,fifo,False,1080,16,True,1024,1,1024,16,True,119,-2.9595334790594987,412.16302609443665,504.03273606300354,415.40564227104187,492.92921566963196,"374,375,376,377"
True,12,1,1,63,32,fifo,False,2048,16,True,1024,4,8,16,True,103,-4.624429804807289,315.7805829048157,504.03274631500244,318.6575617790222,491.7301297187805,"390,391,392,393"
True,11,1,1,63,32,fifo,False,2048,16,False,1024,4,8,16,True,98,-4.740258425442206,297.49670362472534,504.032755613327,299.74040603637695,490.55578684806824,"553,554,555,556"
True,1,1,1,63,32,fifo,False,2048,16,False,1024,4,8,16,True,95,-4.846397053222995,286.9288077354431,529.8473687171936,289.42301511764526,517.2939505577087,"681,682,683,684"
True,7,1,7,63,1,fifo,False,121,16,True,18,1,8,1,True,115,-4.159478657285662,399.37323212623596,529.8474106788635,402.1380035877228,529.8230073451996,"412,413,414,415"
True,16,1,28,63,4,fifo,False,2,16,False,776,17,8,32,False,74,F10001,203.61342120170593,545.1000752449036,205.53381490707397,544.2540390491486,"805,806,807,808"
False,16,1,32,3,4,fifo,False,2048,16,False,8,18,8,32,False,77,-5.585207380801366,210.74644422531128,545.1001405715942,212.4967405796051,540.038337469101,"545,546,547,548"
True,16,1,13,8,1,fifo,False,1,16,False,783,17,8,32,False,72,F10001,196.4570562839508,545.1001622676849,196.459894657135,534.6121456623077,"557,558,559,608"
True,1,1,29,0,1,fifo,False,70,16,True,18,1,1024,1,True,116,-4.484725306216253,399.37329506874084,564.8823416233063,402.1655783653259,554.3992776870728,"801,802,803,804"
True,1,1,32,0,8,fifo,False,1150,16,True,1024,1,1024,32,True,125,-2.8314897367223426,468.8775463104248,564.8823833465576,472.0742862224579,554.3097114562988,"533,534,535,536"
True,7,1,1,26,1,fifo,False,1,16,False,96,16,8,32,False,75,F10001,210.74632930755615,564.882396697998,212.1728971004486,548.5154798030853,"451,454,455,456"
True,1,1,32,49,1,fifo,False,1257,16,True,1024,1,1024,8,True,126,-3.2278893924302765,468.8776340484619,564.8824365139008,472.16645979881287,560.6194996833801,"689,690,691,692"
True,13,1,4,31,32,fifo,False,1,16,False,8,17,8,32,False,76,F10001,210.7463915348053,584.3239862918854,212.46765422821045,571.9790403842926,"394,395,405,406"
True,1,1,32,0,1,fifo,False,1257,16,True,1024,1,1024,32,True,124,-3.465859087510591,468.8774480819702,584.3240487575531,472.0032935142517,566.9962685108185,"382,383,384,385"
True,1,1,32,0,2,fifo,False,1234,16,False,1024,1,1024,32,True,127,-3.1153419930785455,477.03414940834045,584.3240900039673,480.02120447158813,566.7374880313873,"407,408,409,411"
True,1,1,32,0,2,fifo,False,1200,16,True,1024,1,1024,32,True,128,-3.068307829584055,488.93639278411865,584.3241040706635,492.5426256656647,580.696136713028,"549,550,551,552"
True,16,1,15,4,2,fifo,False,5,16,False,12,17,8,32,False,79,F10001,221.45925736427307,584.3241143226624,223.13773274421692,580.4995591640472,"697,698,699,800"
True,1,1,32,0,8,fifo,False,1210,16,True,1024,1,1024,16,True,129,-2.863358836796119,488.93645215034485,584.3241391181946,492.8481299877167,575.4610025882721,"537,538,539,540"
True,2,1,27,42,16,fifo,False,1,16,False,158,17,8,32,False,82,F10001,230.2907109260559,584.3241498470306,232.36859369277954,572.7968180179596,"693,694,695,696"
True,3,1,32,17,1,fifo,False,1,16,False,64,17,8,32,False,83,F10001,230.29077649116516,584.3241693973541,232.38808345794678,569.9498364925385,"512,513,514,532"
True,1,1,27,0,32,fifo_wait,False,2048,16,True,1024,1,1024,16,True,141,-2.6224451239328253,564.8800730705261,647.0453791618347,567.7511291503906,645.3429028987885,"545,546,547,548"
True,4,1,7,17,4,fifo,False,92,16,True,543,18,8,1,True,114,-5.174531237711332,383.76776933670044,647.0454204082489,386.97274804115295,624.0351903438568,"1001,1003,1018,1019"
True,1,1,1,2,32,fifo_wait,False,2048,16,True,1024,1,1024,8,True,133,-2.6713508775527117,529.8436627388,647.0454344749451,529.8469376564026,607.744054555893,"553,554,555,556"
False,1,1,1,21,32,fifo_wait,False,2048,16,True,1024,1,1024,32,True,136,-2.4817740701443696,529.8438131809235,647.045444726944,533.8071963787079,608.1993026733398,"374,375,376,377"
True,1,1,32,63,32,fifo_wait,False,2048,16,False,1024,1,8,16,True,132,-2.796413704825859,504.0302212238312,647.0454542636871,507.01737093925476,589.9501483440399,"541,542,543,544"
True,5,1,1,5,32,fifo_wait,False,2048,16,True,1024,1,1024,8,True,138,-2.6858906130767415,545.098147392273,647.0454635620117,545.1009900569916,625.3667943477631,"681,682,683,684"
True,3,1,32,0,32,fifo_wait,False,2048,16,False,1024,1,1024,16,True,139,-2.52740659608051,545.0982277393341,647.0454728603363,548.5921406745911,624.0434575080872,"412,413,414,415"
True,12,1,1,15,4,fifo,False,2048,16,False,1024,1,1024,16,True,135,-2.4537897616613877,529.8437693119049,647.0454819202423,533.8139498233795,605.9253787994385,"370,371,372,373"
False,1,1,1,22,8,fifo_wait,False,2048,16,False,1024,1,1024,16,True,137,-2.4706859144353315,529.8438718318939,647.0454905033112,534.0354540348053,607.8785092830658,"621,624,659,670"
False,12,1,1,17,1,fifo,False,2048,16,True,275,1,8,2,True,130,-3.3642015598672743,504.0300636291504,647.0454998016357,506.79526448249817,603.3607602119446,"378,379,380,381"
True,1,1,31,25,8,fifo,False,2048,16,True,1024,1,1024,16,True,140,-2.7448608184622834,564.8800098896027,647.0455093383789,567.7054703235626,645.1614484786987,"557,558,559,608"
False,1,1,32,63,1,fifo,False,100,16,True,1024,1,1024,1,True,122,-4.8742650877002704,437.02637219429016,647.0455183982849,438.29420018196106,625.3120045661926,"685,686,687,688"
False,1,1,32,0,32,fifo_wait,False,2048,16,False,1024,1,1024,8,True,134,-2.548858268370971,529.8437216281891,647.0455272197723,533.7956221103668,608.6000609397888,"390,391,392,393"
True,1,1,30,34,8,fifo,False,2048,16,True,1024,1,1024,16,True,143,-2.718110169106893,584.3210577964783,730.61368227005,586.8694643974304,666.5847218036652,"451,454,455,456"
True,13,1,1,31,1,fifo,False,2048,16,True,958,1,1024,8,True,131,-3.1547217876034557,504.0301265716553,730.6137726306915,506.91168761253357,688.820458650589,"671,678,679,680"
True,1,1,30,22,8,fifo_wait,False,634,16,False,1024,1,1024,8,True,145,-2.705952136198523,584.3211705684662,730.6138060092926,587.2710063457489,666.6133589744568,"801,802,803,804"
False,1,1,6,27,16,fifo_wait,False,2048,16,True,1024,1,1024,16,True,153,-2.4617896727343473,647.039247751236,730.6138339042664,652.1648852825165,728.3332526683807,"697,698,699,800"
True,1,1,20,0,32,fifo_wait,False,2048,16,True,1024,1,1024,16,True,144,-2.601099980245644,584.321120262146,730.6138591766357,586.9987487792969,666.4740335941315,"533,534,535,536"
True,1,1,28,0,32,fifo_wait,False,2048,16,True,1024,1,1024,16,True,148,-2.5573293235890304,647.0389983654022,730.613883972168,649.8594408035278,727.9925706386566,"382,383,384,385"
True,1,1,32,40,8,fifo,False,2048,16,True,1024,1,1024,16,True,147,-2.562438743113264,647.0389332771301,730.613908290863,649.6357982158661,728.1993823051453,"407,408,409,411"
True,1,1,3,63,4,fifo,False,2048,16,False,1024,1,1024,32,True,154,-2.6185488101786922,647.0392956733704,730.6139323711395,652.1602149009705,729.8377265930176,"549,550,551,552"
True,1,1,32,0,32,fifo,False,2048,16,True,1024,3,1024,32,False,149,-3.7871708681423044,647.0390520095825,790.8477568626404,649.9164624214172,759.6473281383514,"512,513,514,532"
False,1,1,1,63,1,fifo_wait,False,1,16,False,8,1,1024,32,True,120,F10001,422.1401722431183,790.8478517532349,425.0958499908447,764.6814033985138,"423,427,428,429"
True,16,1,1,63,1,fifo_wait,False,1,16,True,8,1,1024,32,True,118,F10001,405.7694308757782,790.8479454517365,405.77215456962585,750.064263343811,"457,458,510,511"
True,1,1,32,0,32,fifo,False,2048,16,True,1024,1,1024,32,False,146,-4.692595206237623,584.3212201595306,790.8479971885681,589.948753118515,761.1955544948578,"689,690,691,692"
True,1,1,32,0,32,fifo,False,2048,16,True,1024,1,1024,32,False,142,-4.732634217131945,564.8801238536835,790.8480293750763,567.8356020450592,747.0813806056976,"805,806,807,808"
False,1,1,32,0,32,fifo_wait,False,2048,16,True,1024,9,1024,32,False,150,-3.1704486496099737,647.0391030311584,790.8480560779572,649.9570662975311,741.9182283878326,"394,395,405,406"
False,11,1,1,63,1,fifo_wait,False,1,16,True,8,1,1024,32,True,121,F10001,429.8359043598175,790.8480818271637,432.84338760375977,766.3643841743469,"386,387,388,389"
True,1,1,32,49,4,fifo,False,2048,16,False,1024,1,185,8,True,164,-2.761535678244219,730.5975112915039,843.5582549571991,741.9784746170044,821.7264754772186,"685,686,687,688"
False,1,1,32,0,32,fifo,False,2048,16,False,1024,6,1024,32,False,158,-3.2988714077272037,730.5966796875,843.5583407878876,733.306391954422,830.7392797470093,"553,554,555,556"
True,1,1,30,63,2,fifo,False,2048,16,False,1024,1,8,8,True,163,-2.9606632833402045,730.5973749160767,843.5583653450012,739.7181069850922,823.98765873909,"412,413,414,415"
True,1,1,31,0,32,fifo,False,2048,16,False,1024,13,1024,32,False,157,-3.0081909989518123,730.5965390205383,843.558388710022,733.2947537899017,823.9022490978241,"370,371,372,373"
False,1,1,15,0,32,fifo_wait,False,2048,16,False,1024,11,1024,32,False,156,-3.0685311856359707,730.5963966846466,843.5584094524384,733.3106191158295,824.230847120285,"378,379,380,381"
True,1,1,28,0,32,fifo_wait,False,2048,16,False,1024,1,1024,32,False,152,-4.725797457632321,647.0392000675201,843.5584268569946,652.1198456287384,829.8395669460297,"537,538,539,540"
True,1,1,13,0,32,fifo,False,2048,16,False,1024,5,1024,32,False,162,-3.4094391917775497,730.5972383022308,843.5584440231323,739.7040655612946,837.5248725414276,"1001,1003,1018,1019"
False,1,1,3,17,32,fifo_wait,False,2048,16,True,1024,1,1024,32,False,151,-4.699022094040209,647.0391523838043,843.5584638118744,652.062753200531,825.1518359184265,"693,694,695,696"
False,1,1,25,0,32,fifo,False,2048,16,False,1024,5,1024,32,False,165,-3.412765481451358,730.5976486206055,843.5584888458252,742.115790605545,837.8441331386566,"681,682,683,684"
True,1,1,28,63,4,fifo,False,2048,16,False,1024,1,1024,16,True,159,-2.941231046508242,730.596818447113,843.5585150718689,733.3474769592285,821.6364171504974,"621,624,659,670"
False,1,1,32,63,1,fifo_wait,False,1,16,True,1024,1,1024,1,True,123,F10001,454.56354808807373,843.5585396289825,454.56648659706116,797.1640756130219,"809,873,879,895"
True,1,1,32,44,32,fifo_wait,False,2048,16,False,1024,3,1024,32,False,174,-3.842324144710917,790.8347449302673,929.6590373516083,797.2152111530304,908.0813357830048,"697,698,699,800"
True,1,1,32,56,4,fifo,False,2048,16,False,1024,1,182,8,True,173,-2.8135706280000417,790.83460521698,929.6590800285339,797.1370234489441,877.7169842720032,"407,408,409,411"
False,1,1,32,17,16,fifo_wait,False,2048,16,False,1024,1,1024,32,False,167,-4.726235305436472,730.597934961319,929.6590948104858,742.3346946239471,921.8164656162262,"545,546,547,548"
True,1,1,26,63,4,fifo,False,2048,16,True,1024,1,8,8,True,172,-2.866949586715057,790.8344643115997,929.659104347229,797.0932333469391,878.152083158493,"382,383,384,385"
True,1,1,31,0,32,fifo,False,2048,16,False,1024,1,1024,32,False,155,-4.694419354010413,730.5962340831757,929.6591136455536,730.6035826206207,908.4161829948425,"541,542,543,544"
True,1,1,31,0,32,fifo_wait,False,2048,16,False,1024,11,1024,32,False,169,-3.1180897609048803,790.8340330123901,929.6591227054596,793.8647820949554,886.292998790741,"451,454,455,456"
True,1,1,29,18,16,fifo_wait,False,2048,16,False,1024,1,1024,32,False,166,-4.722046580243625,730.5977864265442,929.6591317653656,742.221442937851,921.5291256904602,"557,558,559,608"
True,1,1,20,0,32,fifo,False,2048,16,False,1024,2,1024,32,False,168,-4.142742222593594,790.8338725566864,929.659140586853,793.8152477741241,924.4343478679657,"533,534,535,536"
True,1,1,32,0,32,fifo_wait,False,2048,16,False,1024,1,1024,32,False,161,-4.682188641205099,730.5970988273621,929.6591494083405,738.6763386726379,914.1410894393921,"390,391,392,393"
True,1,1,32,0,32,fifo,False,2048,16,False,1024,5,1024,32,False,175,-3.441776407312396,790.8348820209503,929.6591584682465,797.2735366821289,893.7442684173584,"549,550,551,552"
True,1,1,32,39,32,fifo_wait,False,2048,16,False,1024,1,1024,32,False,160,-4.709590712673739,730.5969610214233,929.659167766571,738.5805835723877,915.947943687439,"374,375,376,377"
False,1,1,23,0,32,fifo,False,2048,16,False,1024,8,1024,32,False,171,-3.2807435785329178,790.8343262672424,929.6591763496399,794.0294885635376,887.050624370575,"671,678,679,680"
True,1,1,26,22,8,fifo_wait,False,2048,16,True,1024,9,1024,32,True,178,-2.8777375494241526,843.5480711460114,929.6591854095459,847.105884552002,928.243406534195,"457,458,510,511"
True,1,1,32,24,8,fifo_wait,False,2048,16,False,13,10,1024,32,True,187,-3.0250506037381033,929.6509659290314,1039.0970306396484,932.7775120735168,1017.9268872737885,"412,413,414,415"
True,1,1,15,26,4,fifo_wait,True,2048,16,False,1024,10,1024,32,False,180,-3.085149078007032,843.548344373703,1039.0971159934998,849.3381085395813,941.6612019538879,"689,690,691,692"
False,1,1,32,0,32,fifo_wait,False,2048,16,False,1024,1,1024,32,False,170,-4.700086114029783,790.8341841697693,1039.0971484184265,793.9051992893219,970.132595539093,"801,802,803,804"
True,1,1,29,32,4,fifo,False,2048,16,True,1024,9,1024,32,True,186,-2.9418703705779543,929.6509130001068,1039.0971734523773,932.7651360034943,1014.0959484577179,"370,371,372,373"
True,1,1,19,34,32,fifo_wait,False,2048,16,True,1024,8,1024,32,True,192,-2.8437686121929913,929.6512305736542,1039.0971972942352,936.4597294330597,1018.2848081588745,"1001,1003,1018,1019"
True,1,1,27,47,2,fifo,False,2048,16,True,1024,5,61,32,True,191,-2.9335003226993086,929.6511783599854,1039.0972218513489,936.4211301803589,1021.1160717010498,"553,554,555,556"
True,1,1,25,31,4,fifo,False,2048,16,True,1024,9,1024,32,True,179,-2.875715815360714,843.5482077598572,1039.0972454547882,847.2465012073517,929.8909103870392,"512,513,514,532"
True,1,1,32,0,32,fifo,False,2048,16,True,1024,8,1024,32,True,190,-2.802612220503886,929.6511256694794,1039.0972707271576,936.4582231044769,1017.6130456924438,"537,538,539,540"
True,1,1,30,25,4,fifo_wait,False,2048,16,True,1024,10,1024,32,False,185,-3.191434117372283,929.6508588790894,1039.0972952842712,932.7318999767303,1021.1150052547455,"685,686,687,688"
True,16,1,19,13,8,fifo,False,2048,16,True,1024,7,1024,32,True,193,-2.698699485999866,929.6512839794159,1039.0973188877106,938.3998656272888,1018.22642993927,"681,682,683,684"
True,1,1,3,48,2,fifo_wait,False,2048,16,True,1024,7,8,32,True,189,-2.8836022213448387,929.6510729789734,1039.0973434448242,936.094687461853,1018.7533855438232,"693,694,695,696"
True,1,1,4,18,1,fifo_wait,True,2048,16,True,1024,15,1024,32,False,177,-3.6173220364783445,843.5479264259338,1039.0973677635193,847.0947937965393,949.7463800907135,"805,806,807,808"
True,1,1,29,50,1,fifo,False,2048,16,True,1024,8,8,32,True,188,-3.503792178017964,929.6510193347931,1039.0973913669586,933.0301852226257,1027.2098441123962,"378,379,380,381"
True,1,1,32,0,32,fifo,False,2048,16,True,1024,10,1024,32,True,176,-2.858036677241215,843.5477585792542,1039.097415447235,846.8966248035431,929.8496923446655,"394,395,405,406"
True,1,1,32,20,32,fifo_wait,False,2048,16,False,1024,8,1024,32,True,181,-2.8325027958535802,843.5484845638275,1039.0974383354187,849.4179639816284,936.8402218818665,"423,427,428,429"
False,6,1,32,49,32,fifo,False,1,16,False,8,18,8,32,False,80,F10001,221.45932126045227,1039.0974621772766,223.56251502037048,953.6672124862671,"416,417,419,422"
True,1,1,31,8,32,fifo_wait,False,2048,16,False,1024,8,1024,32,True,184,-2.840977011287536,929.6508016586304,1039.0975482463837,929.8955132961273,1014.0599527359009,"621,624,659,670"
True,2,1,31,0,32,fifo,False,2048,16,True,1024,13,1024,32,False,182,-3.1060048262568563,843.5486261844635,1039.097579240799,849.4679155349731,937.5282688140869,"386,387,388,389"
True,3,1,1,42,1,fifo_wait,False,2048,16,True,1024,11,33,32,False,198,-3.3264245866762443,1039.0804657936096,1200.2217688560486,1042.3033168315887,1137.1091113090515,"549,550,551,552"
True,1,1,10,41,2,fifo_wait,False,2048,16,True,973,9,145,32,True,197,-2.9224346492258206,1039.080332994461,1200.2218608856201,1042.2729704380035,1124.7633831501007,"671,678,679,680"
True,1,1,29,0,32,fifo,False,2048,16,False,1024,8,1024,32,True,206,-2.794023657059156,1039.0815408229828,1200.2218940258026,1048.1604537963867,1129.1502084732056,"457,458,510,511"
True,1,1,26,32,4,fifo_wait,False,2048,16,True,1024,10,1024,32,False,196,-3.1630234828225943,1039.080195903778,1200.2219197750092,1039.1125001907349,1130.7750890254974,"451,454,455,456"
True,1,1,23,41,2,fifo,False,2048,16,True,1024,8,278,32,True,195,-3.0163199352392067,1039.0800602436066,1200.2219452857971,1039.0960025787354,1128.4432227611542,"382,383,384,385"
True,1,1,2,43,2,fifo_wait,False,2048,16,True,1024,10,29,32,True,203,-3.0314783046084774,1039.0811417102814,1200.2219705581665,1045.3219859600067,1129.0708358287811,"557,558,559,608"
True,15,1,14,41,2,fifo_wait,True,2048,16,True,1024,10,58,32,True,202,-2.9142880810322778,1039.0810058116913,1200.2219941616058,1045.291962146759,1128.4495160579681,"374,375,376,377"
True,1,1,19,60,4,fifo_wait,False,2048,16,True,1024,4,8,32,True,205,-2.5525602191339964,1039.0814063549042,1200.222018480301,1046.8524150848389,1123.1237750053406,"533,534,535,536"
False,11,1,31,48,1,fifo_wait,False,2048,16,True,1024,11,8,32,True,201,-3.371511448419199,1039.0808691978455,1200.2220430374146,1042.805311203003,1137.1197218894958,"390,391,392,393"
True,1,1,4,19,1,fifo_wait,False,2048,16,True,1024,13,1024,32,False,194,-3.565650041634233,1039.0798978805542,1200.2220678329468,1039.0861246585846,1144.203975200653,"407,408,409,411"
True,12,1,28,39,1,fifo_wait,False,2048,16,True,360,13,156,32,False,200,-3.4317172750923,1039.0807332992554,1200.2220923900604,1042.4562890529633,1137.313138961792,"541,542,543,544"
True,1,1,29,19,1,fifo_wait,False,2048,16,True,1024,14,1024,32,False,183,-3.797270522852303,929.6507346630096,1200.2221167087555,929.8546004295349,1042.2443418502808,"809,873,879,895"
True,1,1,32,40,2,fifo_wait,True,2048,16,True,1024,8,64,32,True,199,-2.931944559926757,1039.0806012153625,1200.2221536636353,1042.2484724521637,1126.6078107357025,"697,698,699,800"
True,1,1,17,45,1,fifo,False,2048,16,True,1024,9,182,32,True,204,-3.3295744554357527,1039.0812721252441,1200.2221817970276,1045.614015340805,1136.3395566940308,"545,546,547,548"
False,1,1,22,59,8,fifo_wait,True,2048,16,False,1024,8,132,32,False,214,-2.9721308846635415,1200.1998317241669,1349.9216749668121,1203.7244794368744,1292.666862487793,"801,802,803,804"
False,7,1,32,63,8,fifo_wait,True,2048,16,True,1024,8,145,32,False,213,-2.9373975602730362,1200.199695110321,1349.9217643737793,1203.528211593628,1292.6184432506561,"416,417,419,422"
True,1,1,7,60,8,fifo_wait,False,2048,16,True,1024,8,105,32,False,212,-2.979200218810448,1200.199554681778,1349.921796321869,1203.4926884174347,1293.264601945877,"805,806,807,808"
True,1,1,20,60,8,fifo_wait,True,2048,16,True,1024,8,93,32,False,224,-2.9205197105550984,1200.201230764389,1349.921823978424,1212.629177570343,1300.8468067646027,"378,379,380,381"
False,1,1,6,61,8,fifo_wait,True,2048,16,True,1024,8,102,32,False,211,-2.949950601239009,1200.1994156837463,1349.9218490123749,1203.493315935135,1292.6673512458801,"689,690,691,692"
False,1,1,32,60,8,fifo_wait,True,2048,16,True,1024,8,94,32,False,222,-2.8633010726766934,1200.2009587287903,1349.92187333107,1210.824586391449,1298.7854464054108,"685,686,687,688"
False,1,1,31,60,8,fifo_wait,True,2048,16,True,1024,8,95,32,False,221,-2.9038414546359608,1200.200822353363,1349.9218978881836,1210.672579050064,1298.5736284255981,"693,694,695,696"
True,1,1,19,63,8,fifo_wait,False,2048,16,True,1024,8,96,32,False,210,-2.955966290475966,1200.199277639389,1349.9219233989716,1200.2552485466003,1292.6317353248596,"386,387,388,389"
False,1,1,32,63,8,fifo_wait,True,2048,16,True,1024,8,84,32,False,220,-2.9111966338091055,1200.2006838321686,1349.9219484329224,1210.6584770679474,1299.2009403705597,"1001,1003,1018,1019"
True,1,1,17,55,8,fifo_wait,False,2048,16,True,1024,8,181,32,False,209,-2.9831043684287923,1200.1991386413574,1349.9219732284546,1200.2500548362732,1292.6398215293884,"423,427,428,429"
True,1,1,24,58,8,fifo_wait,True,2048,16,True,1024,8,119,32,False,218,-2.8900408703257257,1200.2004108428955,1349.9219951629639,1207.7618026733398,1297.0701718330383,"412,413,414,415"
True,1,1,32,48,8,fifo_wait,False,2048,16,False,1024,1,1024,32,True,208,-2.5090436620876453,1200.1989932060242,1349.9220201969147,1200.2101166248322,1287.083969593048,"512,513,514,532"
True,1,1,17,61,8,fifo_wait,True,2048,16,True,1024,8,106,32,False,217,-2.858293363013041,1200.2002701759338,1349.9220440387726,1207.4091627597809,1296.0754702091217,"537,538,539,540"
False,1,1,20,52,16,fifo_wait,True,2048,16,False,1024,9,1024,32,False,207,-3.18789775545014,1200.1988265514374,1349.9220674037933,1200.2069046497345,1300.3307225704193,"394,395,405,406"
False,1,1,16,60,8,fifo_wait,False,2048,16,False,1024,8,151,32,False,216,-2.8958259673217452,1200.2001368999481,1349.922091960907,1207.3240520954132,1297.2235505580902,"370,371,372,373"
False,1,1,29,60,8,fifo_wait,True,2048,16,True,1024,8,105,32,False,215,-2.857066057425726,1200.199970960617,1349.922115802765,1206.7462832927704,1296.740683555603,"621,624,659,670"
True,1,1,1,60,8,fifo_wait,True,2048,16,True,1024,8,93,32,False,223,-2.9163424159134985,1200.2010967731476,1349.922147512436,1212.558006286621,1301.066870689392,"553,554,555,556"
True,1,1,1,60,8,fifo_wait,True,2048,16,True,1024,8,105,32,False,219,-2.8929756976463965,1200.2005479335785,1349.9221739768982,1210.1223633289337,1298.617413520813,"681,682,683,684"
False,3,1,1,63,16,fifo_wait,True,2048,16,True,1024,9,1024,32,False,228,-3.1194131311276396,1349.903192281723,1561.815134048462,1349.938996553421,1442.5542676448822,"697,698,699,800"
False,1,1,1,63,16,fifo_wait,False,2048,16,True,1024,9,1024,32,False,227,-3.178780730376483,1349.9030466079712,1561.8152487277985,1349.9149537086487,1443.5618228912354,"671,678,679,680"
True,15,1,1,63,32,fifo_wait,False,2048,16,True,1024,9,1024,32,False,238,-3.1283190594925214,1349.90461063385,1561.8152823448181,1360.166074514389,1449.62437748909,"407,408,409,411"
False,16,1,1,63,16,fifo_wait,False,2048,16,False,1024,9,1024,32,False,226,-3.1078846450673465,1349.9028944969177,1561.8153102397919,1349.9117076396942,1441.5398545265198,"533,534,535,536"
False,1,1,1,63,32,fifo_wait,True,2048,16,True,1024,10,1024,32,False,225,-3.109327348423746,1349.9027185440063,1561.81533741951,1349.9104504585266,1441.6223530769348,"809,873,879,895"
False,11,1,1,63,32,fifo_wait,True,2048,16,True,1024,9,1024,32,False,235,-3.1575940256769166,1349.904197692871,1561.8153636455536,1356.796864748001,1447.5281808376312,"549,550,551,552"
False,7,1,1,63,32,fifo_wait,False,2048,16,False,1024,9,1024,32,False,234,-3.118099361446616,1349.904057264328,1561.815390586853,1356.7494885921478,1446.9133858680725,"545,546,547,548"
False,14,1,1,63,32,fifo_wait,True,2048,16,True,1024,9,1024,32,False,237,-3.1739366605698267,1349.9044706821442,1561.815417289734,1360.1513228416443,1449.5610718727112,"541,542,543,544"
True,12,1,1,63,32,fifo_wait,False,2048,16,True,1024,9,1024,32,False,233,-3.137241163050143,1349.9039175510406,1561.8154430389404,1356.730443239212,1447.7419881820679,"451,454,455,456"
False,8,1,1,63,16,fifo_wait,False,2048,16,True,1024,9,1024,32,False,232,-3.121861757892236,1349.903774023056,1561.815468788147,1353.7835292816162,1444.7818360328674,"457,458,510,511"
False,8,1,1,63,32,fifo_wait,True,2048,16,False,1024,9,1024,32,False,236,-3.1539881490006585,1349.9043328762054,1561.8154935836792,1357.4709038734436,1447.5287618637085,"390,391,392,393"
False,11,1,1,63,32,fifo_wait,True,2048,16,True,1024,9,1024,32,False,231,-3.1136185073493476,1349.9036300182343,1561.8155179023743,1353.3507199287415,1442.1053404808044,"557,558,559,608"
False,4,1,1,63,32,fifo_wait,False,2048,16,False,1024,9,1024,32,False,230,-3.115246300211565,1349.9034836292267,1561.8155436515808,1353.2513551712036,1442.6501142978668,"374,375,376,377"
True,15,1,1,63,32,fifo_wait,False,2048,16,True,1024,9,1024,32,False,229,-3.120122273389681,1349.9033389091492,1561.815570116043,1353.201506137848,1442.9141042232513,"382,383,384,385"
True,1,1,32,0,8,fifo_wait,False,2048,16,False,1024,4,29,4,True,245,-2.6469726978757535,1561.7787148952484,1736.342397928238,1566.1564481258392,1645.4191629886627,"805,806,807,808"
True,16,1,1,0,4,fifo,False,2048,16,False,1024,4,82,4,True,244,-2.7285271765309074,1561.7785708904266,1736.3424878120422,1566.1657814979553,1645.6756825447083,"689,690,691,692"
False,1,1,32,0,16,fifo,False,2048,16,False,1024,4,30,4,True,243,-2.5895790864848136,1561.7784280776978,1736.3425221443176,1566.054291009903,1645.1525659561157,"801,802,803,804"
True,16,1,1,63,32,fifo_wait,False,2048,16,True,1024,31,124,32,True,256,-3.9475340567525192,1561.7802319526672,1736.3425495624542,1574.6520898342133,1693.0605735778809,"553,554,555,556"
True,16,1,32,0,32,fifo_wait,False,2048,16,False,1024,5,8,4,True,242,-2.727075273834313,1561.7782816886902,1736.3425753116608,1561.793273448944,1645.2204620838165,"423,427,428,429"
False,1,1,32,44,32,fifo_wait,True,2048,16,False,1024,31,8,32,False,253,-3.409337099224919,1561.779816865921,1736.3426003456116,1573.4634249210358,1672.5763823986053,"1001,1003,1018,1019"
False,16,1,32,0,8,fifo_wait,False,2048,16,False,1024,1,50,4,True,241,-2.7775314201486903,1561.7781162261963,1736.3426258563995,1561.7886099815369,1645.2855331897736,"386,387,388,389"
True,16,1,1,63,32,fifo,True,2048,16,True,1024,31,8,32,True,252,F10003,1561.7796833515167,1736.3426496982574,1572.8733639717102,1642.1998267173767,"685,686,687,688"
True,16,1,32,0,8,fifo,False,2048,16,False,1024,1,8,2,True,240,-2.9750508846216808,1561.7779636383057,1736.3427412509918,1561.7911064624786,1647.5833082199097,"416,417,419,422"
True,16,1,1,0,32,fifo_wait,False,2048,16,True,1024,31,8,32,True,251,-4.13303794258128,1561.7795457839966,1736.3427710533142,1572.597332239151,1700.724214553833,"681,682,683,684"
True,1,1,32,0,16,fifo_wait,False,2048,16,False,1024,1,8,2,True,239,-2.9784324421135056,1561.777789592743,1736.3427968025208,1561.7856886386871,1647.4282538890839,"512,513,514,532"
False,1,1,1,0,32,fifo_wait,True,2048,16,False,1024,31,8,32,False,250,-4.217261566971891,1561.7794089317322,1736.3428208827972,1570.1075611114502,1709.0637459754944,"693,694,695,696"
True,1,1,1,0,32,fifo,False,2048,16,False,1024,31,1024,32,True,249,-4.039885258858835,1561.7792732715607,1736.3428449630737,1569.5732526779175,1694.1514484882355,"370,371,372,373"
True,1,1,32,0,32,fifo,False,2048,16,False,1024,31,8,32,True,248,-4.056525535083989,1561.7791347503662,1736.3428688049316,1569.6017785072327,1695.9949419498444,"412,413,414,415"
True,1,1,1,0,32,fifo,True,2048,16,False,1024,31,8,32,False,247,-4.094465552363181,1561.7789976596832,1736.342892408371,1569.4133665561676,1701.046893119812,"621,624,659,670"
False,16,1,32,0,16,fifo_wait,False,2048,16,False,131,3,36,2,True,246,-2.786389357491053,1561.7788581848145,1736.3429157733917,1566.2452964782715,1646.1208918094635,"537,538,539,540"
True,16,1,1,0,8,fifo_wait,False,2048,16,True,1024,1,37,4,True,259,-2.7000202396709136,1736.324597120285,1955.2315955162048,1739.2018547058105,1821.7217664718628,"557,558,559,608"
True,1,1,32,0,8,fifo,False,2048,16,True,1024,1,8,2,True,258,-2.991501794504384,1736.3244562149048,1955.2316858768463,1736.3529472351074,1826.6552221775055,"809,873,879,895"
True,1,1,1,63,32,fifo,True,2048,16,True,1024,31,8,32,True,270,-4.83417845677964,1736.326090335846,1955.231717824936,1746.6267573833466,1951.5161650180817,"407,408,409,411"
True,1,1,32,0,16,fifo_wait,False,2048,16,False,1024,1,8,2,True,257,-2.9522571795745294,1736.3242931365967,1955.231743812561,1736.3316435813904,1825.7152466773987,"533,534,535,536"
True,16,1,29,63,32,fifo,False,2048,16,True,1024,31,1024,32,False,254,-4.768450061513486,1561.779955148697,1955.2317686080933,1573.6520898342133,1913.0642659664154,"394,395,405,406"
True,1,1,32,0,32,fifo,False,2048,16,False,1024,31,8,32,True,267,-4.053462965976444,1736.3256816864014,1955.2317938804626,1746.0030555725098,1871.8077149391174,"390,391,392,393"
False,1,1,1,0,32,fifo,True,2048,16,False,1024,31,8,32,False,266,-4.246398144223267,1736.3255467414856,1955.2318181991577,1742.6626315116882,1883.712916135788,"549,550,551,552"
True,1,1,32,0,32,fifo_wait,False,2048,16,False,8,31,8,32,False,269,-3.483384801942939,1736.3259558677673,1955.2318432331085,1746.3177416324615,1849.6167013645172,"541,542,543,544"
True,1,1,1,0,32,fifo,True,2048,16,False,1024,31,1024,32,True,265,-4.142514885502407,1736.325407743454,1955.2318675518036,1742.6541152000427,1874.375644683838,"545,546,547,548"
False,1,1,32,63,32,fifo,True,2048,16,False,1024,31,1024,32,True,255,-4.581444455719047,1561.7800958156586,1955.2318923473358,1574.5318052768707,1743.0510785579681,"378,379,380,381"
True,1,1,1,0,32,fifo_wait,False,2048,16,False,1024,31,8,32,True,268,-4.074749356329103,1736.3258187770844,1955.2319166660309,1746.2513406276703,1872.8395385742188,"451,454,455,456"
False,16,1,32,0,16,fifo,False,2048,16,False,1024,3,36,4,True,264,-2.62061595919957,1736.3252711296082,1955.231939315796,1742.357045173645,1822.3860080242157,"457,458,510,511"
True,1,1,1,0,4,fifo,False,2048,16,True,1024,1,16,8,True,263,-2.6536102902002767,1736.3251461982727,1955.2319631576538,1742.2038221359253,1822.2785952091217,"671,678,679,680"
True,16,1,1,0,4,fifo,False,2048,16,True,1024,4,73,4,True,261,-2.643571697993165,1736.324872970581,1955.231986284256,1739.374754667282,1819.651184797287,"374,375,376,377"
False,1,1,32,0,8,fifo_wait,False,2048,16,False,1024,4,37,4,True,260,-2.760266688708582,1736.3247365951538,1955.2320098876953,1739.2140135765076,1821.0750761032104,"697,698,699,800"
True,16,1,1,58,8,fifo_wait,True,2048,16,True,1024,9,8,32,True,276,-3.2362179364568138,1955.211749792099,2182.7361714839935,1958.3683722019196,2051.6561539173126,"689,690,691,692"
True,16,1,23,63,32,fifo_wait,True,2048,16,True,1024,15,8,32,True,278,-3.5939345889713312,1955.2120249271393,2182.7362644672394,1961.737467288971,2063.8987617492676,"512,513,514,532"
True,16,1,1,63,8,fifo_wait,True,2048,16,True,1024,6,8,8,True,275,-2.584701842567404,1955.2116107940674,2182.736299753189,1958.4292871952057,2042.3831872940063,"805,806,807,808"
True,16,1,1,36,4,fifo_wait,False,2048,16,True,1024,4,336,16,True,274,-2.3493909948728446,1955.211472272873,2182.7363278865814,1958.350980758667,2032.0555458068848,"386,387,388,389"
False,1,1,32,63,16,fifo_wait,False,2048,16,False,8,17,8,32,True,286,-3.509093868520178,1955.2131397724152,2182.7363545894623,1968.8983328342438,2067.8819880485535,"693,694,695,696"
True,1,1,1,51,8,fifo,True,450,16,True,1024,1,1024,32,True,273,-2.884289466858183,1955.2113292217255,2182.7363815307617,1955.2477314472198,2038.4205796718597,"423,427,428,429"
False,1,1,1,52,4,fifo_wait,True,2048,16,True,1024,4,73,8,True,284,-2.64262467267629,1955.2128612995148,2182.7364070415497,1965.7282376289368,2045.919550895691,"681,682,683,684"
False,1,1,1,16,8,fifo_wait,True,2048,16,False,1024,5,1024,8,True,272,-2.643691072916815,1955.2111835479736,2182.736432313919,1955.2453849315643,2034.9391286373138,"801,802,803,804"
False,16,1,13,63,8,fifo_wait,True,2048,16,True,1024,12,8,32,True,285,-3.229651794516912,1955.2130002975464,2182.7364580631256,1966.0344042778015,2058.9692935943604,"621,624,659,670"
True,1,1,1,23,4,fifo_wait,True,2048,16,True,1024,4,265,8,True,283,-2.447594826201845,1955.212721824646,2182.736483335495,1965.254254579544,2042.2573397159576,"412,413,414,415"
True,1,1,1,19,4,fifo_wait,False,2048,16,True,1024,4,1024,8,True,271,-2.5785056678861764,1955.2110178470612,2182.7365074157715,1955.2183957099915,2034.6949186325073,"685,686,687,688"
True,16,1,32,63,8,fifo_wait,True,2048,16,True,1024,12,8,16,True,282,-2.6414899987190585,1955.2125828266144,2182.7365329265594,1965.0975935459137,2046.4062242507935,"370,371,372,373"
True,1,1,1,23,4,fifo,False,2048,16,False,1024,4,1024,16,True,281,-2.4324868460019164,1955.2124452590942,2182.736558198929,1962.4878718852997,2038.934735774994,"553,554,555,556"
False,16,1,1,63,8,fifo_wait,False,2048,16,True,1024,16,8,32,True,280,-3.462255410437013,1955.2123022079468,2182.7365839481354,1962.1074919700623,2060.936241865158,"1001,1003,1018,1019"
False,16,1,32,63,16,fifo_wait,True,2048,16,True,1024,11,8,32,True,279,-3.1874432400012083,1955.2121622562408,2182.736608982086,1961.8782234191895,2052.9704039096832,"416,417,419,422"
False,4,1,32,0,32,fifo_wait,True,2048,16,False,1024,5,8,4,True,262,F10001,1736.3250081539154,2182.7366337776184,1739.4188876152039,2133.6086869239807,"382,383,384,385"
True,1,1,1,23,4,fifo,False,2048,16,True,1024,4,346,8,True,277,-2.481745578635963,1955.2118871212006,2182.736725091934,1958.4932162761688,2035.1716091632843,"537,538,539,540"
False,1,1,32,18,32,fifo_wait,False,2048,16,False,8,4,1024,16,True,290,-2.5211522569935867,2182.716794729233,2454.1330626010895,2182.7566697597504,2264.415105819702,"557,558,559,608"
True,16,1,1,45,4,fifo_wait,True,2048,16,True,1024,4,146,16,True,289,-2.418382678452105,2182.7166554927826,2454.1331436634064,2182.740461587906,2260.1284403800964,"697,698,699,800"
True,16,1,1,9,8,fifo_wait,False,2048,16,True,8,4,1024,8,True,301,-2.4566037044845763,2182.7183310985565,2454.1331753730774,2194.2004981040955,2267.6317064762115,"407,408,409,411"
True,16,1,1,63,4,fifo_wait,True,2048,16,True,1024,5,8,8,True,288,-2.67262065471296,2182.716513156891,2454.133200645447,2182.739539861679,2264.423299074173,"374,375,376,377"
True,16,1,1,33,4,fifo_wait,True,2048,16,True,1024,4,1024,16,True,287,-2.5131906915932163,2182.7163500785828,2454.133224964142,2182.7238075733185,2260.1440699100494,"378,379,380,381"
True,1,1,1,26,4,fifo,False,2048,16,True,1024,4,1024,16,True,298,-2.5350092194333964,2182.717898130417,2454.133249759674,2190.8759961128235,2267.8927376270294,"545,546,547,548"
True,1,1,1,39,8,fifo_wait,False,2048,16,True,1024,3,1024,32,True,297,-2.4096358033058447,2182.717759847641,2454.133273601532,2190.632402896881,2267.628381729126,"451,454,455,456"
True,16,1,1,0,16,fifo_wait,False,2048,16,False,1024,4,1024,8,True,300,-2.498672787641888,2182.7181870937347,2454.1332976818085,2193.8265533447266,2269.553009033203,"394,395,405,406"
True,1,1,1,16,8,fifo,True,2048,16,True,8,4,1024,16,True,296,-2.5021072905993544,2182.717623949051,2454.1333220005035,2189.900169610977,2267.8821399211884,"390,391,392,393"
True,16,1,1,0,16,fifo,False,2048,16,True,8,4,1024,8,True,295,-2.474917931065828,2182.717485189438,2454.133346557617,2189.8321788311005,2266.9542989730835,"541,542,543,544"
True,1,1,32,63,4,fifo_wait,True,2048,16,True,8,5,8,8,True,294,-2.7062840376271478,2182.7173442840576,2454.1333706378937,2186.435106754303,2267.8915021419525,"809,873,879,895"
True,16,1,32,63,8,fifo_wait,True,2048,16,True,8,5,8,16,True,293,-2.5294588878672126,2182.7172079086304,2454.1333940029144,2186.028255701065,2267.930418252945,"533,534,535,536"
True,1,1,32,63,8,fifo_wait,True,2048,16,True,1024,3,8,8,True,292,-2.5528688332974663,2182.7170689105988,2454.1334190368652,2185.9077184200287,2264.445145845413,"457,458,510,511"
True,1,1,1,23,8,fifo_wait,False,2048,16,True,1024,5,1024,8,True,291,-2.5029727998068196,2182.716933488846,2454.133441209793,2185.8543136119843,2264.4644396305084,"671,678,679,680"
True,1,1,1,63,1,fifo_wait,True,2048,16,False,8,31,8,32,False,307,-4.526096598961015,2454.112685441971,2771.186937570572,2457.3010635375977,2624.6459152698517,"553,554,555,556"
True,1,1,1,35,8,fifo_wait,True,2048,16,False,8,4,1024,16,True,306,-2.492104179829676,2454.1125440597534,2771.187027454376,2457.2786269187927,2540.7080097198486,"423,427,428,429"
True,1,1,31,63,8,fifo_wait,False,2048,16,True,1024,2,45,16,True,305,-2.475934347457195,2454.112401485443,2771.187058210373,2457.2100574970245,2540.7698023319244,"537,538,539,540"
True,16,1,1,45,4,fifo_wait,False,2048,16,True,1024,4,8,8,True,318,-2.501640769412201,2454.11421251297,2771.187082529068,2468.2945840358734,2548.984612464905,"382,383,384,385"
True,1,1,32,41,16,fifo_wait,True,2048,16,False,1024,3,1024,16,True,304,-2.5119254944269067,2454.1122546195984,2771.1871058940887,2454.1471462249756,2538.956065893173,"801,802,803,804"
True,16,1,1,23,4,fifo,True,2048,16,True,1024,4,1024,8,True,315,-2.550538410918544,2454.113783121109,2771.187128305435,2464.2956426143646,2548.848637342453,"1001,1003,1018,1019"
True,16,1,32,63,4,fifo_wait,False,2048,16,True,1024,1,8,8,True,303,-2.7115648260020446,2454.112105369568,2771.1871497631073,2454.1206386089325,2540.269780397415,"685,686,687,688"
True,16,1,1,27,2,fifo_wait,True,2048,16,False,1024,1,1024,4,True,314,-2.739898289093759,2454.1136450767517,2771.1871728897095,2464.2769906520844,2550.6321835517883,"621,624,659,670"
True,16,1,32,40,8,fifo_wait,True,2048,16,True,1024,5,1024,8,True,313,-2.576280151810401,2454.11350607872,2771.1871960163116,2464.0807013511658,2548.945665359497,"416,417,419,422"
True,16,1,1,33,4,fifo_wait,True,2048,16,True,1024,2,1024,16,True,302,-2.5385277476993164,2454.1119384765625,2771.187219619751,2454.1194903850555,2538.6391060352325,"386,387,388,389"
True,1,1,1,36,2,fifo_wait,False,2048,16,True,1024,1,8,8,True,312,-2.781610165192077,2454.1133649349213,2771.1872429847717,2460.9877948760986,2546.12127327919,"689,690,691,692"
True,1,1,32,0,32,fifo_wait,True,2048,16,False,8,5,1024,8,True,299,F10001,2182.7180354595184,2771.1872656345367,2193.748735189438,2586.070277452469,"549,550,551,552"
True,1,1,1,37,8,fifo_wait,True,2048,16,True,1024,2,1024,8,True,311,-2.45750076518074,2454.1132333278656,2771.1873524188995,2460.8189034461975,2543.9788432121277,"370,371,372,373"
True,16,1,32,63,8,fifo_wait,False,2048,16,True,1024,7,8,8,True,317,-2.5814793720614406,2454.114070415497,2771.1873817443848,2467.9759979248047,2549.7534658908844,"693,694,695,696"
True,16,1,1,37,8,fifo_wait,True,2048,16,True,1024,1,1024,4,True,310,-2.6144434603557642,2454.1131007671356,2771.18740439415,2460.538504600525,2543.9168767929077,"681,682,683,684"
True,1,1,32,48,2,fifo_wait,True,2048,16,False,1024,31,8,32,False,309,-3.667323687895009,2454.1129636764526,2771.1874284744263,2460.2981898784637,2574.5653853416443,"805,806,807,808"
True,16,1,1,37,4,fifo_wait,False,2048,16,True,1024,1,114,8,True,316,-2.47809297419621,2454.113932132721,2771.187451839447,2464.754824399948,2546.0993139743805,"512,513,514,532"
True,1,1,1,26,1,fifo_wait,True,2048,16,False,8,31,8,32,False,308,-4.327062506848268,2454.1128239631653,2771.187473297119,2457.3206593990326,2608.202612876892,"412,413,414,415"
True,16,1,1,41,2,fifo_wait,False,2048,16,True,1024,2,9,8,True,321,-2.7077208790492167,2771.168237686157,3251.8610248565674,2771.180389404297,2855.51766872406,"557,558,559,608"
True,1,1,9,43,16,fifo_wait,True,2048,16,False,1024,3,1024,16,True,320,-2.4483276288133737,2771.1680977344513,3251.8611178398132,2771.1804699897766,2851.0051259994507,"378,379,380,381"
True,1,1,1,43,8,fifo_wait,True,2048,16,True,243,2,303,16,True,332,-2.395066829590196,2771.169755458832,3251.8611545562744,2781.1442091464996,2855.3394367694855,"394,395,405,406"
True,16,1,32,63,8,fifo_wait,False,2048,16,True,205,1,13,8,True,319,-2.5618368341566105,2771.167934179306,3251.8611822128296,2771.176521062851,2853.502572774887,"697,698,699,800"
True,1,1,32,28,1,fifo_wait,True,2048,16,True,232,31,8,32,False,329,-4.044279600579716,2771.169349193573,3251.861209630966,2777.520490884781,2899.8345618247986,"809,873,879,895"
True,1,1,32,63,1,fifo_wait,False,2048,16,False,8,31,8,32,False,328,-4.279932281050025,2771.1692113876343,3251.8612365722656,2777.3017020225525,2916.028640985489,"390,391,392,393"
True,1,1,1,30,4,fifo_wait,False,2048,16,True,1024,3,8,8,True,331,-2.5253640102225807,2771.169618844986,3251.8612620830536,2780.8037564754486,2855.59969997406,"533,534,535,536"
True,1,1,32,63,4,fifo_wait,True,2048,16,True,8,31,8,32,False,327,-3.6529097798343013,2771.169075489044,3251.8612871170044,2777.0968356132507,2884.132861852646,"407,408,409,411"
True,1,1,1,48,16,fifo_wait,False,2048,16,False,138,2,1024,16,True,326,-2.4391723569026156,2771.16894197464,3251.861312150955,2774.1766901016235,2853.4314353466034,"451,454,455,456"
True,1,1,1,63,1,fifo_wait,True,2048,16,True,1024,31,8,32,False,325,-4.003225874536435,2771.168808221817,3251.861337661743,2774.103729248047,2898.012555360794,"541,542,543,544"
True,16,1,32,51,4,fifo_wait,False,2048,16,True,209,3,42,8,True,324,-2.647401692397766,2771.1686701774597,3251.8613619804382,2774.0795731544495,2854.3130719661713,"671,678,679,680"
True,1,1,1,28,2,fifo_wait,False,2048,16,True,956,1,17,16,True,330,-2.705237313832257,2771.169482946396,3251.8613860607147,2777.627146959305,2857.03915476799,"545,546,547,548"
True,16,1,32,63,4,fifo_wait,False,2048,16,True,1024,7,8,8,True,323,-2.6345970325396197,2771.168530702591,3251.8614106178284,2773.956911802292,2854.2842705249786,"457,458,510,511"
False,16,1,32,63,8,fifo_wait,False,2048,16,True,159,3,95,16,True,322,-2.517610982729369,2771.1683835983276,3251.8614349365234,2771.2133712768555,2853.2589654922485,"374,375,376,377"
