busy_spin,hepnos_num_event_databases,hepnos_num_product_databases,hepnos_num_providers,hepnos_num_rpc_threads,hepnos_pes_per_node,hepnos_pool_type,hepnos_progress_thread,loader_async,loader_async_threads,loader_batch_size,loader_pes_per_node,loader_progress_thread,pep_ibatch_size,pep_no_preloading,pep_no_rdma,pep_num_threads,pep_obatch_size,pep_pes_per_node,pep_progress_thread,job_id,objective,timestamp_submit,timestamp_gather,timestamp_start,timestamp_end,dequed
False,14,8,31,45,2,fifo_wait,False,False,8,122,2,False,8,False,False,7,396,1,True,2,-4.826802163553133,5.135503530502319,182.61561179161072,5.190068006515503,182.61339926719666,"551,552,553,554,555,556,557,558,559,685,688,689,879,1003,1172,1173"
False,9,1,20,51,8,fifo_wait,False,True,6,66,1,False,11,False,True,12,272,8,True,6,-5.120198021958634,5.13567852973938,226.4416573047638,6.506007432937622,226.4403953552246,"1759,2680,2682,2683,2684,2685,2686,2687,2688,2689,2744,2860,2861,2862,2863,2866"
True,12,6,10,24,1,fifo_wait,False,True,2,1842,16,False,474,False,False,18,12,2,False,7,-5.129973610988186,5.135720729827881,228.15469980239868,6.536433696746826,228.15334010124207,"2867,2964,3208,3209,3239,3348,3349,3390,3391,3392,3393,3398,3430,3431,3439,3440"
True,1,11,16,58,8,fifo,False,True,1,3,4,False,328,False,True,1,162,32,True,1,F10001,5.135435104370117,340.8924911022186,5.194143056869507,340.8912184238434,"90,91,92,93,94,95,96,97,98,99,510,511,512,513,514,550"
True,5,12,29,2,16,fifo,True,False,2,3,16,True,1001,False,True,13,837,16,False,3,F10001,5.135550260543823,355.8697633743286,5.1942243576049805,355.86855030059814,"1174,1175,1176,1177,1178,1179,1190,1191,1192,1193,1194,1195,1196,1197,1198,1199"
True,8,8,5,0,32,fifo,True,False,4,38,2,False,50,False,False,3,68,8,True,5,F10001,5.135636568069458,357.12097692489624,6.524195671081543,357.1198592185974,"1624,1625,1626,1627,1628,1629,1655,1750,1751,1752,1753,1754,1755,1756,1757,1758"
False,11,1,30,4,16,fifo_wait,False,True,14,43,1,False,26,False,False,2,40,32,False,8,F10001,5.13576340675354,358.1213936805725,7.767110109329224,358.1200623512268,"3441,3446,3511,3512,3513,3514,3515,3518,3519,3538,3993,3998,3999,4523,4525,4526"
True,1,2,21,14,16,fifo_wait,False,False,55,79,4,False,100,False,False,20,98,32,True,14,F10001,357.3805921077728,444.25865054130554,357.3831470012665,444.2574026584625,"1624,1625,1626,1627,1628,1629,1655,1750,1751,1752,1753,1754,1755,1756,1757,1758"
False,3,3,15,40,8,fifo_wait,False,False,2,8,16,False,11,True,True,26,13,2,True,4,F10001,5.13559365272522,459.9035782814026,5.194357633590698,459.90224170684814,"1210,1280,1281,1282,1283,1284,1285,1287,1288,1289,1578,1579,1620,1621,1622,1623"
False,14,8,14,3,16,fifo_wait,True,False,1,1,1,True,11,False,False,20,884,16,False,9,F10001,182.89167737960815,534.6431260108948,182.8943703174591,534.6417326927185,"551,552,553,554,555,556,557,558,559,685,688,689,879,1003,1172,1173"
False,3,12,23,39,1,fifo_wait,False,False,3,12,16,False,782,False,False,11,24,16,False,10,F10001,226.70860409736633,557.7763266563416,226.7114918231964,557.7750506401062,"1759,2680,2682,2683,2684,2685,2686,2687,2688,2689,2744,2860,2861,2862,2863,2866"
False,15,16,20,45,16,fifo,False,False,6,677,1,False,752,False,False,14,205,1,True,11,F10001,228.4161355495453,582.15158867836,228.41868257522583,582.1501560211182,"2867,2964,3208,3209,3239,3348,3349,3390,3391,3392,3393,3398,3430,3431,3439,3440"
False,6,11,2,62,2,fifo_wait,False,False,2,32,8,False,135,False,True,30,113,2,True,13,-5.465962039089872,356.12657618522644,644.1575231552124,356.1290726661682,644.1563854217529,"1174,1175,1176,1177,1178,1179,1190,1191,1192,1193,1194,1195,1196,1197,1198,1199"
False,15,8,20,49,1,fifo_wait,False,False,14,131,16,False,1024,False,False,3,1024,4,True,18,-4.01400013044577,536.1759233474731,661.1455078125,544.373245716095,661.1442914009094,"551,552,553,554,555,556,557,558,559,685,688,689,879,1003,1172,1173"
False,3,1,28,41,8,fifo,False,True,19,6,16,True,855,True,True,27,843,1,False,12,F10001,341.3490560054779,674.9984931945801,341.3519608974457,674.9973344802856,"90,91,92,93,94,95,96,97,98,99,510,511,512,513,514,550"
True,4,2,26,59,1,fifo,True,True,21,72,8,False,12,False,True,29,38,8,True,17,-5.172418220319518,460.18685030937195,689.2999143600464,460.1895101070404,689.2987725734711,"1210,1280,1281,1282,1283,1284,1285,1287,1288,1289,1578,1579,1620,1621,1622,1623"
True,16,12,15,60,8,fifo,False,False,54,14,2,True,321,True,False,12,533,8,True,15,F10001,358.37591218948364,692.7946519851685,358.37872409820557,692.7934982776642,"3441,3446,3511,3512,3513,3514,3515,3518,3519,3538,3993,3998,3999,4523,4525,4526"
False,16,13,28,56,4,fifo_wait,True,False,34,222,4,False,1024,False,False,8,1024,1,True,19,-4.564121676768109,559.2942972183228,710.832072019577,561.2310793399811,710.8307778835297,"1759,2680,2682,2683,2684,2685,2686,2687,2688,2689,2744,2860,2861,2862,2863,2866"
False,14,7,31,54,16,fifo_wait,False,False,10,88,2,False,1024,False,False,1,1024,4,True,20,-4.991032704573931,583.5729525089264,784.8051679134369,584.9990096092224,784.8040170669556,"2867,2964,3208,3209,3239,3348,3349,3390,3391,3392,3393,3398,3430,3431,3439,3440"
False,14,9,16,50,1,fifo_wait,False,False,62,888,16,False,1024,False,False,22,1024,4,False,24,-4.164544404294835,690.7880957126617,811.6634528636932,692.1562633514404,811.6622226238251,"1210,1280,1281,1282,1283,1284,1285,1287,1288,1289,1578,1579,1620,1621,1622,1623"
False,1,1,25,54,32,fifo_wait,True,True,2,30,16,True,198,True,True,25,124,2,True,16,F10001,444.5134220123291,827.7413547039032,444.51575803756714,827.7402255535126,"1624,1625,1626,1627,1628,1629,1655,1750,1751,1752,1753,1754,1755,1756,1757,1758"
False,12,9,25,63,1,fifo,True,False,18,217,16,True,1024,False,False,12,1024,2,True,26,-4.29298404631737,712.2773621082306,839.7585566043854,713.6997106075287,839.7571334838867,"1759,2680,2682,2683,2684,2685,2686,2687,2688,2689,2744,2860,2861,2862,2863,2866"
False,12,10,20,48,1,fifo_wait,False,False,12,1239,16,True,1024,False,False,15,1024,2,True,27,-4.177272717717416,786.4065592288971,903.7763617038727,787.6949391365051,903.7750995159149,"2867,2964,3208,3209,3239,3348,3349,3390,3391,3392,3393,3398,3430,3431,3439,3440"
True,15,9,23,56,1,fifo_wait,False,False,46,1460,16,False,1024,False,False,16,1024,2,False,30,-4.355703680743813,841.0923056602478,972.4440915584564,842.4176275730133,972.4428443908691,"1759,2680,2682,2683,2684,2685,2686,2687,2688,2689,2744,2860,2861,2862,2863,2866"
False,16,7,11,59,16,fifo_wait,False,False,14,137,1,True,1024,False,False,4,1024,4,True,23,-5.496902571177887,676.5625054836273,973.9504470825195,677.996809720993,973.6022610664368,"90,91,92,93,94,95,96,97,98,99,510,511,512,513,514,550"
False,13,12,31,33,1,fifo,False,False,10,1036,16,True,1024,False,False,14,1024,16,True,32,-3.3095644757513942,973.9483158588409,1052.776502609253,973.9516744613647,1052.7753899097443,"1759,2680,2682,2683,2684,2685,2686,2687,2688,2689,2744,2860,2861,2862,2863,2866"
False,14,9,21,61,2,fifo_wait,False,False,57,1710,2,True,1024,True,False,10,1024,2,False,21,F10001,645.5863692760468,1059.8597359657288,647.0100021362305,1059.8585941791534,"1174,1175,1176,1177,1178,1179,1190,1191,1192,1193,1194,1195,1196,1197,1198,1199"
False,16,8,23,53,2,fifo_wait,False,False,20,126,8,False,1024,True,False,4,1024,4,False,25,F10001,694.2273545265198,1074.717452287674,695.5341889858246,1074.7161011695862,"3441,3446,3511,3512,3513,3514,3515,3518,3519,3538,3993,3998,3999,4523,4525,4526"
False,14,9,26,31,2,fifo_wait,False,False,14,48,16,False,1024,True,False,7,1024,32,False,22,F10001,662.5243742465973,1092.5875039100647,663.9255459308624,1092.585979938507,"551,552,553,554,555,556,557,558,559,685,688,689,879,1003,1172,1173"
False,15,7,23,29,16,fifo_wait,False,False,10,1785,16,False,1024,False,False,25,1024,1,False,29,-5.333378368081235,829.2207570075989,1094.0385904312134,830.431314945221,1092.608494758606,"1624,1625,1626,1627,1628,1629,1655,1750,1751,1752,1753,1754,1755,1756,1757,1758"
False,15,11,19,40,8,fifo,False,False,12,721,8,True,1024,False,False,7,1024,2,False,31,-5.1653326139238915,905.1205387115479,1133.5591535568237,906.6687080860138,1133.5576581954956,"2867,2964,3208,3209,3239,3348,3349,3390,3391,3392,3393,3398,3430,3431,3439,3440"
False,12,12,32,32,2,fifo,False,True,10,742,16,True,1024,False,False,6,1024,2,True,35,-3.624239488581382,1061.4806432724,1152.8203995227814,1062.7237858772278,1152.8188927173615,"1174,1175,1176,1177,1178,1179,1190,1191,1192,1193,1194,1195,1196,1197,1198,1199"
False,12,11,15,57,1,fifo_wait,True,False,33,36,16,False,1024,False,False,7,1024,2,False,28,-5.705337567724579,812.9774730205536,1166.6549997329712,814.2712247371674,1166.6535503864288,"1210,1280,1281,1282,1283,1284,1285,1287,1288,1289,1578,1579,1620,1621,1622,1623"
False,11,16,8,34,1,fifo,True,False,10,1742,16,True,1024,False,True,14,1024,32,True,38,F10001,1095.6539335250854,1168.3544919490814,1095.6597018241882,1168.1283693313599,"1624,1625,1626,1627,1628,1629,1655,1750,1751,1752,1753,1754,1755,1756,1757,1758"
False,15,12,10,30,1,fifo_wait,False,False,44,1319,16,False,1024,False,True,28,1024,2,True,33,-4.956183260889649,975.3241858482361,1169.8124995231628,976.6657354831696,1168.9867610931396,"90,91,92,93,94,95,96,97,98,99,510,511,512,513,514,550"
False,16,13,32,24,1,fifo,False,False,12,982,8,False,1024,False,False,14,1024,32,True,36,-3.77637719704678,1076.2112636566162,1173.4368207454681,1077.5062794685364,1173.4355220794678,"3441,3446,3511,3512,3513,3514,3515,3518,3519,3538,3993,3998,3999,4523,4525,4526"
False,12,15,26,33,2,fifo,True,False,13,356,16,True,1024,False,False,20,1024,16,True,37,-3.759002815872498,1094.0372412204742,1189.4698555469513,1095.4141385555267,1189.468317747116,"551,552,553,554,555,556,557,558,559,685,688,689,879,1003,1172,1173"
False,9,11,23,25,1,fifo,False,False,14,466,16,False,1024,False,False,7,1024,32,True,40,-3.2930199014530706,1154.3445177078247,1233.7207961082458,1155.675886631012,1233.71950173378,"1174,1175,1176,1177,1178,1179,1190,1191,1192,1193,1194,1195,1196,1197,1198,1199"
False,13,8,32,39,2,fifo,False,False,25,173,4,True,1024,False,True,27,1024,16,True,45,F10001,1190.9335095882416,1308.3903169631958,1192.1478049755096,1308.389198064804,"551,552,553,554,555,556,557,558,559,685,688,689,879,1003,1172,1173"
False,10,16,32,51,2,fifo,True,True,11,100,16,True,1024,False,False,20,1024,4,True,44,-4.438961031780898,1175.175494670868,1311.5334284305573,1176.5726659297943,1311.5322706699371,"3441,3446,3511,3512,3513,3514,3515,3518,3519,3538,3993,3998,3999,4523,4525,4526"
False,6,6,23,15,1,fifo,False,False,11,621,16,False,1024,False,True,7,1024,16,True,46,-3.2618099434160968,1235.2855954170227,1314.5220367908478,1236.575118303299,1314.5208892822266,"1174,1175,1176,1177,1178,1179,1190,1191,1192,1193,1194,1195,1196,1197,1198,1199"
False,7,14,32,40,1,fifo,True,False,25,954,16,True,1024,True,True,1,1024,16,True,39,-4.894441046818238,1135.1087791919708,1321.6922953128815,1136.365215063095,1321.6911182403564,"2867,2964,3208,3209,3239,3348,3349,3390,3391,3392,3393,3398,3430,3431,3439,3440"
False,14,11,31,29,1,fifo,False,False,26,25,16,True,1024,False,True,10,1024,8,True,34,-5.591856616998973,1054.152265548706,1374.6406478881836,1055.5342693328857,1374.6394748687744,"1759,2680,2682,2683,2684,2685,2686,2687,2688,2689,2744,2860,2861,2862,2863,2866"
False,13,13,22,50,1,fifo,False,True,23,1040,8,True,1024,False,False,2,1024,8,False,43,-5.075032905605413,1171.2648105621338,1383.5346388816833,1172.5869784355164,1383.5333914756775,"90,91,92,93,94,95,96,97,98,99,510,511,512,513,514,550"
False,5,3,23,1,2,fifo,False,False,27,668,16,True,1024,False,True,7,1024,8,True,49,-3.4006543997251906,1315.9756355285645,1397.500562429428,1317.319905281067,1397.4993159770966,"1174,1175,1176,1177,1178,1179,1190,1191,1192,1193,1194,1195,1196,1197,1198,1199"
False,13,7,18,37,1,fifo,False,True,46,557,8,True,1024,False,False,8,1024,32,True,48,-4.074819702818008,1313.0784125328064,1425.1660985946655,1314.3935990333557,1425.1648280620575,"3441,3446,3511,3512,3513,3514,3515,3518,3519,3538,3993,3998,3999,4523,4525,4526"
False,4,15,9,7,1,fifo,False,False,23,1315,4,True,1024,False,False,15,1024,16,True,50,-4.041250735874582,1323.1572439670563,1432.0918807983398,1324.369990348816,1432.090698003769,"2867,2964,3208,3209,3239,3348,3349,3390,3391,3392,3393,3398,3430,3431,3439,3440"
False,2,10,25,33,8,fifo,False,False,10,664,8,False,1024,False,False,5,1024,8,True,52,-3.54386328154892,1385.1184108257294,1472.8267166614532,1386.396880865097,1472.8254370689392,"90,91,92,93,94,95,96,97,98,99,510,511,512,513,514,550"
False,3,10,31,25,8,fifo,False,False,13,1873,16,False,1024,False,True,4,1024,16,True,54,-3.0617899176624177,1426.7697446346283,1501.500309228897,1428.081784248352,1501.4988942146301,"3441,3446,3511,3512,3513,3514,3515,3518,3519,3538,3993,3998,3999,4523,4525,4526"
False,3,12,31,19,1,fifo,False,False,12,10,16,True,1024,False,False,2,1024,16,True,42,F10001,1169.8111503124237,1503.1624319553375,1169.8140466213226,1501.5689117908478,"1624,1625,1626,1627,1628,1629,1655,1750,1751,1752,1753,1754,1755,1756,1757,1758"
False,4,10,10,1,1,fifo,False,False,20,957,4,False,1024,False,False,3,1024,8,True,55,-4.103003978909154,1433.529604434967,1545.9333395957947,1434.984547138214,1545.9320657253265,"2867,2964,3208,3209,3239,3348,3349,3390,3391,3392,3393,3398,3430,3431,3439,3440"
False,10,3,17,22,2,fifo,False,False,10,197,16,False,1024,False,True,9,1024,32,True,56,F10001,1474.431266784668,1560.9539892673492,1475.8708474636078,1560.9526257514954,"90,91,92,93,94,95,96,97,98,99,510,511,512,513,514,550"
False,16,12,26,13,1,fifo,False,False,10,117,16,False,1024,False,True,9,1024,8,False,53,-4.6951590494375885,1398.933254957199,1562.708027124405,1400.3301329612732,1561.5946865081787,"1174,1175,1176,1177,1178,1179,1190,1191,1192,1193,1194,1195,1196,1197,1198,1199"
False,11,1,22,26,8,fifo,False,False,10,1360,16,False,1024,False,True,10,1024,2,True,58,-3.7780399903122857,1504.6128368377686,1601.040840625763,1504.6189737319946,1601.0393936634064,"1624,1625,1626,1627,1628,1629,1655,1750,1751,1752,1753,1754,1755,1756,1757,1758"
False,2,3,17,29,4,fifo,False,False,10,86,8,False,1024,False,False,9,1024,32,True,57,-3.973007769108198,1503.161064863205,1611.6386799812317,1504.499771118164,1611.6372265815735,"3441,3446,3511,3512,3513,3514,3515,3518,3519,3538,3993,3998,3999,4523,4525,4526"
False,15,14,28,34,32,fifo,False,True,10,54,16,True,1024,False,False,16,1024,8,True,41,F10001,1168.3531007766724,1641.9528443813324,1168.355860710144,1641.951721906662,"1210,1280,1281,1282,1283,1284,1285,1287,1288,1289,1578,1579,1620,1621,1622,1623"
True,10,15,23,39,1,fifo,False,False,24,10,16,False,1024,False,False,7,1024,8,True,47,F10001,1309.7559342384338,1643.7409718036652,1311.0460994243622,1642.4262993335724,"551,552,553,554,555,556,557,558,559,685,688,689,879,1003,1172,1173"
False,3,4,21,14,1,fifo,False,False,54,222,16,False,1024,False,True,14,1024,8,True,60,-4.041375268684276,1562.706247806549,1670.9902276992798,1564.0793416500092,1670.9887282848358,"90,91,92,93,94,95,96,97,98,99,510,511,512,513,514,550"
False,4,9,20,7,4,fifo_wait,False,False,10,684,16,False,1024,False,True,4,1024,4,True,62,-3.698291517893594,1602.631187915802,1696.3084590435028,1604.054967880249,1696.3072452545166,"1624,1625,1626,1627,1628,1629,1655,1750,1751,1752,1753,1754,1755,1756,1757,1758"
False,4,14,28,52,8,fifo,False,False,57,1927,16,False,1024,False,True,5,1024,32,True,65,-3.2463863906080666,1645.229852437973,1723.8732416629791,1645.235341310501,1723.8720288276672,"551,552,553,554,555,556,557,558,559,685,688,689,879,1003,1172,1173"
False,13,15,17,9,1,fifo,False,True,10,10,16,False,1024,False,False,1,1024,16,True,51,F10001,1376.0428895950317,1725.682608127594,1377.382141828537,1725.6813578605652,"1759,2680,2682,2683,2684,2685,2686,2687,2688,2689,2744,2860,2861,2862,2863,2866"
False,4,12,25,28,4,fifo,False,False,10,276,16,False,1024,False,True,21,1024,32,True,64,F10001,1643.7395794391632,1727.0911417007446,1645.0371987819672,1725.8000576496124,"1210,1280,1281,1282,1283,1284,1285,1287,1288,1289,1578,1579,1620,1621,1622,1623"
False,2,11,22,11,4,fifo,False,False,10,209,16,False,1024,False,False,6,1024,4,True,66,-4.156600322843503,1672.7306599617004,1791.1929721832275,1674.0684530735016,1791.1917202472687,"90,91,92,93,94,95,96,97,98,99,510,511,512,513,514,550"
False,2,10,20,34,8,fifo,True,False,58,645,4,False,1024,False,False,7,1024,16,True,69,-4.089651214691633,1727.0898458957672,1840.4389276504517,1728.4849746227264,1840.437750339508,"1759,2680,2682,2683,2684,2685,2686,2687,2688,2689,2744,2860,2861,2862,2863,2866"
False,4,4,28,45,32,fifo,False,False,10,360,16,True,1024,False,True,7,1024,8,True,63,F10003,1613.199131011963,1877.5311493873596,1614.6369585990906,1877.5299649238586,"3441,3446,3511,3512,3513,3514,3515,3518,3519,3538,3993,3998,3999,4523,4525,4526"
False,7,15,23,15,32,fifo,False,False,10,1016,16,False,1024,False,True,5,1024,2,True,70,-4.624582365881608,1728.6659684181213,1893.4175267219543,1728.6722602844238,1893.4162993431091,"1210,1280,1281,1282,1283,1284,1285,1287,1288,1289,1578,1579,1620,1621,1622,1623"
False,6,2,17,26,1,fifo,False,False,10,10,16,False,1024,False,True,4,1024,8,True,59,F10001,1547.4774115085602,1897.156242609024,1548.7956848144531,1897.1551351547241,"2867,2964,3208,3209,3239,3348,3349,3390,3391,3392,3393,3398,3430,3431,3439,3440"
False,6,4,31,5,32,fifo,False,False,30,10,16,False,1024,False,True,4,1024,16,True,61,F10001,1564.2137877941132,1913.2069449424744,1564.220237493515,1913.2058291435242,"1174,1175,1176,1177,1178,1179,1190,1191,1192,1193,1194,1195,1196,1197,1198,1199"
False,1,4,25,34,16,fifo,False,False,44,114,2,False,1024,False,False,3,1024,16,True,68,-4.956576234405291,1725.289044380188,1920.702714920044,1726.6282958984375,1920.7015550136566,"551,552,553,554,555,556,557,558,559,685,688,689,879,1003,1172,1173"
False,1,12,11,0,32,fifo,False,False,17,815,16,True,1024,False,True,4,1024,4,True,72,-3.9271276755169007,1841.8968262672424,1944.9012005329132,1843.1780478954315,1944.8999724388123,"1759,2680,2682,2683,2684,2685,2686,2687,2688,2689,2744,2860,2861,2862,2863,2866"
False,10,12,23,13,1,fifo,False,False,20,930,2,False,1024,False,True,5,1024,32,True,71,-4.772096566778553,1792.590354681015,1963.114507675171,1793.8660407066345,1963.1134569644928,"90,91,92,93,94,95,96,97,98,99,510,511,512,513,514,550"
False,2,9,25,26,2,fifo,False,True,24,1408,8,False,1024,False,True,3,1024,16,True,74,-3.653861363466588,1894.8345866203308,1986.7220730781555,1896.3208816051483,1986.7208862304688,"1210,1280,1281,1282,1283,1284,1285,1287,1288,1289,1578,1579,1620,1621,1622,1623"
False,5,9,28,21,4,fifo,True,False,47,1112,16,False,1024,False,True,7,1024,2,True,77,-3.568888796066347,1922.1095929145813,2008.9693472385406,1923.3320398330688,2008.968095779419,"551,552,553,554,555,556,557,558,559,685,688,689,879,1003,1172,1173"
False,2,1,31,13,8,fifo,False,True,18,707,2,False,1024,False,True,5,1024,2,True,75,-4.34376925305904,1899.1545853614807,2028.0659639835358,1900.4359629154205,2028.0647644996643,"2867,2964,3208,3209,3239,3348,3349,3390,3391,3392,3393,3398,3430,3431,3439,3440"
False,2,2,25,28,1,fifo,False,True,10,1911,16,False,1024,True,True,7,1024,16,True,67,F10001,1697.7317230701447,2030.62943816185,1699.039227962494,2030.6282277107239,"1624,1625,1626,1627,1628,1629,1655,1750,1751,1752,1753,1754,1755,1756,1757,1758"
False,14,1,28,21,1,fifo,False,False,10,693,4,True,1024,False,False,19,1024,2,True,76,-4.69454449244996,1914.660138130188,2074.6222512722015,1916.1737673282623,2074.620994567871,"1174,1175,1176,1177,1178,1179,1190,1191,1192,1193,1194,1195,1196,1197,1198,1199"
True,4,12,27,1,16,fifo,False,False,48,1908,16,False,1024,False,False,1,1024,32,True,80,-3.653099857164902,1988.1400735378265,2080.1658847332,1989.536554813385,2080.164521217346,"1210,1280,1281,1282,1283,1284,1285,1287,1288,1289,1578,1579,1620,1621,1622,1623"
False,3,6,30,23,1,fifo,False,False,11,1398,16,True,1024,False,False,17,1024,32,True,81,-3.44625758341587,2010.5899832248688,2095.5919981002808,2011.8709743022919,2095.590826034546,"551,552,553,554,555,556,557,558,559,685,688,689,879,1003,1172,1173"
False,14,5,30,31,1,fifo,False,False,10,790,8,True,1024,False,False,25,1024,2,True,79,-4.8520974797079655,1964.5409252643585,2143.6025943756104,1965.8045647144318,2143.601313352585,"90,91,92,93,94,95,96,97,98,99,510,511,512,513,514,550"
False,1,11,22,24,1,fifo,True,True,28,250,16,False,1024,False,False,17,1024,16,True,83,-4.209655462121859,2032.0706815719604,2151.943147420883,2033.371682882309,2151.9419310092926,"1624,1625,1626,1627,1628,1629,1655,1750,1751,1752,1753,1754,1755,1756,1757,1758"
False,8,10,32,6,1,fifo,False,True,50,1452,8,False,1024,False,True,14,1024,16,True,82,-4.474852527209497,2029.4959535598755,2169.3548929691315,2030.7985339164734,2169.3535895347595,"2867,2964,3208,3209,3239,3348,3349,3390,3391,3392,3393,3398,3430,3431,3439,3440"
False,7,12,27,28,4,fifo,False,False,16,747,4,False,1024,False,False,3,1024,16,True,85,-3.844207805602221,2081.616233587265,2179.586018562317,2082.887354373932,2179.5847582817078,"1210,1280,1281,1282,1283,1284,1285,1287,1288,1289,1578,1579,1620,1621,1622,1623"
False,6,7,27,23,1,fifo,False,False,10,1655,16,True,1024,False,False,5,1024,32,True,89,-2.882842373244235,2170.799601316452,2241.6069161891937,2172.2291662693024,2241.6055986881256,"2867,2964,3208,3209,3239,3348,3349,3390,3391,3392,3393,3398,3430,3431,3439,3440"
False,3,9,29,10,8,fifo,True,False,13,429,16,False,1024,False,False,1,1024,16,True,88,-3.6962598025645597,2153.3550667762756,2247.136285305023,2154.594624519348,2247.134942293167,"1624,1625,1626,1627,1628,1629,1655,1750,1751,1752,1753,1754,1755,1756,1757,1758"
False,6,12,27,38,4,fifo,False,False,34,1446,8,False,1024,False,True,16,1024,32,True,90,F10001,2181.259280204773,2267.5979957580566,2182.6649322509766,2267.5964620113373,"1210,1280,1281,1282,1283,1284,1285,1287,1288,1289,1578,1579,1620,1621,1622,1623"
False,5,15,30,14,2,fifo,False,False,44,696,2,False,1024,False,True,14,1024,16,True,84,-4.94092560872007,2076.204570055008,2269.224820137024,2077.57448220253,2267.7578077316284,"1174,1175,1176,1177,1178,1179,1190,1191,1192,1193,1194,1195,1196,1197,1198,1199"
False,5,1,22,31,2,fifo,True,False,14,1578,16,True,1024,False,True,8,1024,16,True,91,-2.98831312077794,2243.069708585739,2315.604208469391,2244.4452974796295,2315.602897644043,"2867,2964,3208,3209,3239,3348,3349,3390,3391,3392,3393,3398,3430,3431,3439,3440"
False,2,15,21,48,8,fifo,False,False,10,722,16,False,1024,False,True,26,1024,32,True,73,F10001,1878.9915776252747,2339.2091279029846,1880.334063053131,2339.2078804969788,"3441,3446,3511,3512,3513,3514,3515,3518,3519,3538,3993,3998,3999,4523,4525,4526"
False,6,7,28,25,2,fifo,False,False,10,162,8,True,1024,False,True,9,1024,1,True,92,-4.379268169220963,2248.8626792430878,2380.806660413742,2250.3596370220184,2380.805391550064,"1624,1625,1626,1627,1628,1629,1655,1750,1751,1752,1753,1754,1755,1756,1757,1758"
True,7,9,28,26,1,fifo,False,False,10,650,16,True,1024,False,False,31,1024,32,True,93,-4.1931858621216165,2269.2235112190247,2389.8549511432648,2270.924704551697,2389.8537425994873,"1210,1280,1281,1282,1283,1284,1285,1287,1288,1289,1578,1579,1620,1621,1622,1623"
False,6,13,17,34,16,fifo,False,False,61,1767,16,True,1024,False,False,16,1024,16,True,94,-4.437064929547563,2270.9947412014008,2411.5028371810913,2271.001339197159,2411.5017268657684,"1174,1175,1176,1177,1178,1179,1190,1191,1192,1193,1194,1195,1196,1197,1198,1199"
False,1,15,25,6,4,fifo,True,True,19,1001,16,False,1024,False,True,7,1024,32,True,95,-4.150779619274192,2317.017597436905,2434.8888189792633,2318.376928091049,2434.887629032135,"2867,2964,3208,3209,3239,3348,3349,3390,3391,3392,3393,3398,3430,3431,3439,3440"
False,5,1,32,18,2,fifo,True,False,10,1899,4,True,1024,False,True,22,1024,8,True,96,-4.179480111939557,2340.889832019806,2458.671651363373,2342.2753677368164,2458.670429944992,"3441,3446,3511,3512,3513,3514,3515,3518,3519,3538,3993,3998,3999,4523,4525,4526"
False,4,2,15,38,4,fifo,True,False,10,586,8,True,1024,False,False,15,1024,16,True,97,-3.557081813594866,2382.2347927093506,2470.6716372966766,2383.566070795059,2470.6703419685364,"1624,1625,1626,1627,1628,1629,1655,1750,1751,1752,1753,1754,1755,1756,1757,1758"
True,2,2,28,16,4,fifo,False,False,62,1509,16,True,1024,False,True,4,1024,32,True,100,-3.0624472531551956,2436.569764614105,2510.058890104294,2437.8702986240387,2510.0575602054596,"2867,2964,3208,3209,3239,3348,3349,3390,3391,3392,3393,3398,3430,3431,3439,3440"
False,2,1,5,12,1,fifo,True,False,10,374,16,True,1024,False,True,17,1024,16,True,99,F10001,2413.008618593216,2515.3041276931763,2414.4737691879272,2515.3028123378754,"1174,1175,1176,1177,1178,1179,1190,1191,1192,1193,1194,1195,1196,1197,1198,1199"
False,6,10,32,3,8,fifo,False,False,10,1333,16,False,1024,True,False,12,1024,16,True,87,F10001,2145.1721646785736,2517.370087623596,2146.5202271938324,2517.3687551021576,"90,91,92,93,94,95,96,97,98,99,510,511,512,513,514,550"
False,3,1,26,14,1,fifo,True,False,15,2018,16,True,1024,False,True,19,1024,2,True,98,-4.518295146163257,2391.2724571228027,2534.889403104782,2392.735522031784,2534.8880076408386,"1210,1280,1281,1282,1283,1284,1285,1287,1288,1289,1578,1579,1620,1621,1622,1623"
False,5,10,1,33,2,fifo_wait,True,False,16,384,16,True,1024,False,True,10,1024,16,True,101,-3.1456967751034925,2460.3372206687927,2536.5772457122803,2461.659145116806,2536.5759465694427,"3441,3446,3511,3512,3513,3514,3515,3518,3519,3538,3993,3998,3999,4523,4525,4526"
False,9,2,23,42,2,fifo,True,False,10,429,8,True,1024,False,True,5,1024,32,True,102,-3.3196051780313125,2472.545577287674,2553.609931945801,2474.1122057437897,2553.608631134033,"1624,1625,1626,1627,1628,1629,1655,1750,1751,1752,1753,1754,1755,1756,1757,1758"
False,4,5,2,15,1,fifo,True,False,10,553,8,True,1024,False,True,6,1024,16,True,103,-3.2496286637407943,2511.5547392368317,2590.1444375514984,2512.867115497589,2590.1430361270905,"2867,2964,3208,3209,3239,3348,3349,3390,3391,3392,3393,3398,3430,3431,3439,3440"
False,14,6,24,27,1,fifo,True,False,10,1360,16,True,1024,False,False,7,1024,32,True,104,-3.029562953253439,2516.8892209529877,2591.7996320724487,2518.21284198761,2591.0677783489227,"1174,1175,1176,1177,1178,1179,1190,1191,1192,1193,1194,1195,1196,1197,1198,1199"
False,3,6,23,16,2,fifo,False,False,10,745,8,True,1024,False,False,1,1024,32,True,105,-3.1350256680873025,2519.2259664535522,2596.949353456497,2520.680124759674,2596.9480164051056,"90,91,92,93,94,95,96,97,98,99,510,511,512,513,514,550"
False,7,9,32,22,8,fifo_wait,True,False,34,727,16,True,1024,False,True,8,1024,16,True,107,-3.188311085317742,2538.326730489731,2616.395863056183,2539.7216749191284,2616.394518852234,"3441,3446,3511,3512,3513,3514,3515,3518,3519,3538,3993,3998,3999,4523,4525,4526"
True,1,5,32,35,8,fifo_wait,False,True,14,875,16,True,1024,False,True,2,1024,16,True,106,-3.353041510284086,2536.4286937713623,2618.7040650844574,2537.7840209007263,2618.7027060985565,"1210,1280,1281,1282,1283,1284,1285,1287,1288,1289,1578,1579,1620,1621,1622,1623"
False,4,13,26,50,32,fifo,False,False,20,52,16,False,1024,False,True,9,1024,32,True,86,F10001,2097.1119327545166,2635.7240533828735,2098.3912398815155,2635.7228174209595,"551,552,553,554,555,556,557,558,559,685,688,689,879,1003,1172,1173"
True,7,1,30,21,2,fifo,True,True,18,1628,16,True,1024,False,True,1,1024,32,True,108,-3.447393008442529,2555.3632411956787,2639.4270248413086,2556.6543896198273,2639.4258046150208,"1624,1625,1626,1627,1628,1629,1655,1750,1751,1752,1753,1754,1755,1756,1757,1758"
False,10,5,17,46,2,fifo,True,False,22,1169,8,True,1024,False,True,8,1024,16,True,109,-3.2573728103623245,2591.7983050346375,2670.5350811481476,2591.801038980484,2670.5338246822357,"2867,2964,3208,3209,3239,3348,3349,3390,3391,3392,3393,3398,3430,3431,3439,3440"
False,2,8,32,30,32,fifo,False,False,14,297,1,False,1024,False,True,5,1024,32,True,78,F10003,1946.5054562091827,2681.5232849121094,1947.8165435791016,2681.522027492523,"1759,2680,2682,2683,2684,2685,2686,2687,2688,2689,2744,2860,2861,2862,2863,2866"
False,4,1,25,27,16,fifo_wait,True,False,23,268,8,True,1024,False,True,3,1024,32,True,113,-3.2221018514383606,2620.3497636318207,2699.373037815094,2621.7282869815826,2699.3716611862183,"1210,1280,1281,1282,1283,1284,1285,1287,1288,1289,1578,1579,1620,1621,1622,1623"
False,5,7,8,2,8,fifo,False,False,10,274,16,True,1024,False,False,1,1024,32,True,111,-3.9904719593356752,2598.87091755867,2707.788462638855,2600.439048051834,2707.787187099457,"90,91,92,93,94,95,96,97,98,99,510,511,512,513,514,550"
False,10,5,21,15,2,fifo,True,False,21,648,8,True,1024,False,True,5,1024,16,True,112,-3.643967441204986,2618.076798915863,2709.4596695899963,2619.5056347846985,2708.6547482013702,"3441,3446,3511,3512,3513,3514,3515,3518,3519,3538,3993,3998,3999,4523,4525,4526"
False,2,5,9,22,16,fifo,True,False,10,441,8,True,1024,False,True,1,1024,16,True,114,-3.554490123615293,2637.414824485779,2725.3335621356964,2638.649421453476,2725.332155942917,"551,552,553,554,555,556,557,558,559,685,688,689,879,1003,1172,1173"
False,4,13,6,31,16,fifo_wait,True,False,10,261,16,True,1024,False,True,6,1024,32,True,115,-3.608627076828823,2640.9315283298492,2731.5126848220825,2642.2982103824615,2731.5114934444427,"1624,1625,1626,1627,1628,1629,1655,1750,1751,1752,1753,1754,1755,1756,1757,1758"
False,3,7,16,23,4,fifo,False,False,43,1913,16,False,1024,False,True,3,1024,16,True,117,-2.809124708210252,2683.346216917038,2753.4018771648407,2684.8649644851685,2753.400517463684,"1759,2680,2682,2683,2684,2685,2686,2687,2688,2689,2744,2860,2861,2862,2863,2866"
False,7,6,5,28,2,fifo,True,True,10,1540,16,True,1024,False,False,8,1024,16,False,116,-3.6550507634218192,2672.134423017502,2763.696792125702,2673.485580921173,2763.6955728530884,"2867,2964,3208,3209,3239,3348,3349,3390,3391,3392,3393,3398,3430,3431,3439,3440"
False,2,5,23,40,4,fifo_wait,True,False,15,631,16,True,1024,False,True,12,1024,16,True,120,-3.1191499422225424,2711.266553401947,2785.3032760620117,2712.6549077033997,2785.302015066147,"3441,3446,3511,3512,3513,3514,3515,3518,3519,3538,3993,3998,3999,4523,4525,4526"
False,7,3,11,36,32,fifo_wait,True,False,10,1714,8,True,1024,False,True,3,1024,32,True,119,-3.58214827775683,2709.4583172798157,2797.3154513835907,2709.461437225342,2797.3141803741455,"90,91,92,93,94,95,96,97,98,99,510,511,512,513,514,550"
False,6,10,2,31,4,fifo_wait,True,True,18,1719,16,True,1024,False,True,25,1024,16,True,118,F10001,2701.064197540283,2802.858011484146,2702.3724977970123,2802.8567526340485,"1210,1280,1281,1282,1283,1284,1285,1287,1288,1289,1578,1579,1620,1621,1622,1623"
False,6,4,10,33,2,fifo_wait,True,False,12,770,8,True,1024,False,True,11,1024,16,True,121,-3.301002535411187,2726.721708059311,2804.482287168503,2727.945505619049,2804.48103928566,"551,552,553,554,555,556,557,558,559,685,688,689,879,1003,1172,1173"
True,3,8,30,61,8,fifo_wait,True,False,60,109,16,True,1024,False,True,7,1024,16,True,122,-3.312779409746959,2732.958149433136,2812.1153922080994,2734.2408905029297,2812.114213705063,"1624,1625,1626,1627,1628,1629,1655,1750,1751,1752,1753,1754,1755,1756,1757,1758"
False,5,7,6,39,2,fifo_wait,True,False,14,966,16,True,1024,False,True,29,1024,16,True,123,F10001,2754.9994025230408,2841.854749441147,2756.320710659027,2841.8534059524536,"1759,2680,2682,2683,2684,2685,2686,2687,2688,2689,2744,2860,2861,2862,2863,2866"
False,16,6,1,11,2,fifo,False,False,10,13,16,True,1024,False,True,6,1024,32,True,110,-5.280044739854662,2593.3990399837494,2844.0288593769073,2594.8457148075104,2844.027626991272,"1174,1175,1176,1177,1178,1179,1190,1191,1192,1193,1194,1195,1196,1197,1198,1199"
False,14,7,4,31,4,fifo_wait,True,False,20,742,8,True,1024,False,True,13,1024,32,True,124,-3.7415532847190556,2765.172317504883,2860.6038098335266,2766.4792828559875,2860.6025779247284,"2867,2964,3208,3209,3239,3348,3349,3390,3391,3392,3393,3398,3430,3431,3439,3440"
False,1,7,10,22,1,fifo,True,False,10,1299,16,True,1024,False,True,3,1024,32,True,126,-2.9560489525810807,2798.968582391739,2869.5835435390472,2800.2279331684113,2869.5824296474457,"90,91,92,93,94,95,96,97,98,99,510,511,512,513,514,550"
False,5,1,22,36,2,fifo,True,False,10,1034,8,True,1024,False,True,4,1024,16,True,127,-3.183925927549781,2804.341582298279,2879.3861017227173,2805.6021988391876,2879.3847222328186,"1210,1280,1281,1282,1283,1284,1285,1287,1288,1289,1578,1579,1620,1621,1622,1623"
False,15,2,10,29,1,fifo,True,False,10,1522,8,True,1024,False,False,1,1024,32,True,128,-3.206243690995261,2806.0075883865356,2881.808022260666,2807.2452869415283,2881.806699991226,"551,552,553,554,555,556,557,558,559,685,688,689,879,1003,1172,1173"
True,2,9,25,46,2,fifo_wait,True,False,10,412,16,True,1024,False,True,11,1024,16,True,129,-3.1481096552289385,2813.6032631397247,2888.151697397232,2814.841782093048,2888.1505591869354,"1624,1625,1626,1627,1628,1629,1655,1750,1751,1752,1753,1754,1755,1756,1757,1758"
True,3,5,2,27,16,fifo_wait,True,False,10,760,16,True,1024,False,True,10,1024,8,True,131,-3.3499193152293696,2845.4699194431305,2925.7034356594086,2846.71658039093,2925.702344894409,"1174,1175,1176,1177,1178,1179,1190,1191,1192,1193,1194,1195,1196,1197,1198,1199"
False,3,5,21,37,4,fifo,True,False,37,971,8,True,1024,False,True,18,1024,16,True,132,F10001,2862.0448563098907,2942.889547586441,2863.253875732422,2942.888107776642,"2867,2964,3208,3209,3239,3348,3349,3390,3391,3392,3393,3398,3430,3431,3439,3440"
False,9,4,14,32,1,fifo,True,False,10,1584,16,True,1024,False,True,3,1024,8,True,134,-2.8312473017817084,2880.8768820762634,2948.2061581611633,2882.1874594688416,2948.2047839164734,"1210,1280,1281,1282,1283,1284,1285,1287,1288,1289,1578,1579,1620,1621,1622,1623"
True,11,3,27,30,1,fifo_wait,True,True,12,1765,16,True,1024,False,False,5,1024,32,True,135,-3.0725186671380866,2883.269425392151,2956.042548418045,2884.565973997116,2956.0413591861725,"551,552,553,554,555,556,557,558,559,685,688,689,879,1003,1172,1173"
False,8,8,29,14,8,fifo_wait,True,False,26,338,8,True,1024,False,True,11,1024,4,False,125,-4.775722126718447,2786.802099466324,2957.8254992961884,2788.111204147339,2957.824113845825,"3441,3446,3511,3512,3513,3514,3515,3518,3519,3538,3993,3998,3999,4523,4525,4526"
True,4,2,30,24,8,fifo_wait,True,False,47,61,4,True,1024,False,True,4,1024,16,False,130,-4.534580120186831,2843.5215005874634,2988.247495174408,2844.7486510276794,2988.246179819107,"1759,2680,2682,2683,2684,2685,2686,2687,2688,2689,2744,2860,2861,2862,2863,2866"
False,6,6,7,10,1,fifo,True,False,10,1567,8,True,1024,False,False,1,1024,16,True,138,-3.1050900979436458,2944.3859372138977,3017.768885374069,2945.7500052452087,3017.7676270008087,"2867,2964,3208,3209,3239,3348,3349,3390,3391,3392,3393,3398,3430,3431,3439,3440"
False,15,3,9,42,8,fifo,True,False,17,1912,16,False,1024,False,True,2,1024,16,True,139,-2.9595427086244914,2949.820722579956,3022.0524945259094,2951.0911190509796,3022.0511531829834,"1210,1280,1281,1282,1283,1284,1285,1287,1288,1289,1578,1579,1620,1621,1622,1623"
False,10,1,31,25,16,fifo_wait,True,False,50,10,16,True,1024,False,True,19,1024,32,True,133,F10001,2871.203652381897,3058.339255094528,2872.433506011963,3058.3379323482513,"90,91,92,93,94,95,96,97,98,99,510,511,512,513,514,550"
True,2,2,20,3,2,fifo,True,False,37,90,16,True,1024,False,True,6,1024,32,True,137,-4.68851105513397,2927.4048409461975,3087.9788222312927,2928.646847486496,3087.9775631427765,"1174,1175,1176,1177,1178,1179,1190,1191,1192,1193,1194,1195,1196,1197,1198,1199"
True,5,6,22,7,1,fifo_wait,True,False,20,90,8,True,1024,False,True,3,1024,32,True,136,-5.0127675385184105,2889.779480457306,3092.2921409606934,2891.0840306282043,3092.290806531906,"1624,1625,1626,1627,1628,1629,1655,1750,1751,1752,1753,1754,1755,1756,1757,1758"
False,9,7,2,34,1,fifo,True,False,10,342,16,True,1024,False,True,3,1024,8,True,143,-3.295416190077716,3019.1700191497803,3096.3644201755524,3020.417856693268,3096.36292052269,"2867,2964,3208,3209,3239,3348,3349,3390,3391,3392,3393,3398,3430,3431,3439,3440"
True,8,5,17,38,4,fifo,True,False,10,1992,16,True,1024,False,False,3,1024,32,False,144,-3.8830611895755047,3023.4966962337494,3124.747828722,3024.77192568779,3124.7466077804565,"1210,1280,1281,1282,1283,1284,1285,1287,1288,1289,1578,1579,1620,1621,1622,1623"
True,2,7,1,35,1,fifo_wait,True,False,11,36,4,True,1024,False,True,4,1024,8,True,140,-4.831960368780697,2957.5075645446777,3133.0162222385406,2958.7748947143555,3133.015140771866,"551,552,553,554,555,556,557,558,559,685,688,689,879,1003,1172,1173"
True,11,4,27,41,4,fifo_wait,True,False,11,187,16,True,1024,False,True,9,1024,16,True,147,-3.2980577666859605,3093.743269443512,3172.4688901901245,3095.0422863960266,3172.467676639557,"1624,1625,1626,1627,1628,1629,1655,1750,1751,1752,1753,1754,1755,1756,1757,1758"
True,1,1,1,35,2,fifo_wait,True,False,11,582,16,True,1024,False,True,1,1024,2,True,148,-3.3469411464409218,3097.9149239063263,3176.6887362003326,3099.1968178749084,3176.687551021576,"2867,2964,3208,3209,3239,3348,3349,3390,3391,3392,3393,3398,3430,3431,3439,3440"
True,3,4,23,46,4,fifo_wait,True,True,29,313,16,True,1024,False,False,6,1024,16,True,146,-3.632964994309308,3089.5487258434296,3178.602995634079,3090.8675620555878,3178.601752281189,"1174,1175,1176,1177,1178,1179,1190,1191,1192,1193,1194,1195,1196,1197,1198,1199"
False,8,3,22,44,8,fifo,True,False,23,1791,16,False,1024,False,True,8,1024,32,True,150,-3.2760394012111,3134.551423549652,3214.835939884186,3135.841163635254,3214.8347704410553,"551,552,553,554,555,556,557,558,559,685,688,689,879,1003,1172,1173"
False,13,8,11,31,1,fifo,True,False,30,518,4,True,1024,False,True,2,1024,16,True,149,-3.7145083331289985,3126.4387385845184,3218.409628868103,3127.6977593898773,3218.4084582328796,"1210,1280,1281,1282,1283,1284,1285,1287,1288,1289,1578,1579,1620,1621,1622,1623"
False,16,4,20,29,16,fifo_wait,True,False,10,1995,16,True,1024,False,False,4,1024,32,True,153,-3.127953983778807,3180.0941894054413,3255.3597524166107,3181.432124853134,3255.358479499817,"1174,1175,1176,1177,1178,1179,1190,1191,1192,1193,1194,1195,1196,1197,1198,1199"
True,1,9,32,19,4,fifo_wait,False,False,10,1034,16,True,1024,False,True,14,1024,16,True,152,-3.2893951227899403,3178.3433694839478,3256.850282907486,3179.623954296112,3256.106996536255,"2867,2964,3208,3209,3239,3348,3349,3390,3391,3392,3393,3398,3430,3431,3439,3440"
True,8,1,11,46,1,fifo_wait,True,True,17,707,16,True,1024,False,False,11,1024,32,False,151,-3.6013217506683946,3173.9399280548096,3263.122878551483,3175.188992023468,3263.121660232544,"1624,1625,1626,1627,1628,1629,1655,1750,1751,1752,1753,1754,1755,1756,1757,1758"
True,10,5,17,15,1,fifo_wait,True,True,17,1369,8,True,1024,True,False,4,1024,32,True,142,-5.425422843908076,2989.9140226840973,3268.041037082672,2991.2588136196136,3268.0397667884827,"1759,2680,2682,2683,2684,2685,2686,2687,2688,2689,2744,2860,2861,2862,2863,2866"
True,2,8,5,4,2,fifo_wait,False,False,10,633,1,True,1024,False,True,6,1024,32,True,145,-5.084699674800551,3059.8767080307007,3271.820301055908,3061.1955461502075,3271.819008588791,"90,91,92,93,94,95,96,97,98,99,510,511,512,513,514,550"
False,13,6,11,42,2,fifo_wait,True,True,14,346,16,True,1024,False,True,5,1024,16,True,155,-3.1989733656273085,3220.037770986557,3295.709874391556,3221.3015489578247,3295.708617925644,"1210,1280,1281,1282,1283,1284,1285,1287,1288,1289,1578,1579,1620,1621,1622,1623"
True,3,9,26,20,4,fifo_wait,False,False,26,712,16,True,1024,False,True,2,1024,16,True,160,-2.8240414626989963,3273.3452320098877,3340.842797279358,3274.5732519626617,3340.8410823345184,"90,91,92,93,94,95,96,97,98,99,510,511,512,513,514,550"
False,1,9,8,27,16,fifo_wait,True,False,10,421,16,True,1024,False,False,1,1024,32,True,159,-3.276567666010081,3269.5538868904114,3348.5602061748505,3270.8752591609955,3348.5587418079376,"1759,2680,2682,2683,2684,2685,2686,2687,2688,2689,2744,2860,2861,2862,2863,2866"
True,10,3,11,43,4,fifo,True,False,10,693,8,True,1024,False,True,20,1024,16,True,156,-3.8519486182136236,3256.849005460739,3354.8183834552765,3256.852242231369,3354.817104578018,"1174,1175,1176,1177,1178,1179,1190,1191,1192,1193,1194,1195,1196,1197,1198,1199"
True,16,5,13,45,32,fifo,True,False,15,1960,16,False,1024,False,True,8,1024,32,True,141,F10003,2959.2946894168854,3361.435139656067,2960.5540874004364,3361.4339678287506,"3441,3446,3511,3512,3513,3514,3515,3518,3519,3538,3993,3998,3999,4523,4525,4526"
True,1,7,8,25,4,fifo,True,False,10,1897,16,True,1024,False,True,8,1024,16,True,161,-3.0308611190693915,3297.314042568207,3368.9166276454926,3298.5990669727325,3368.915294408798,"1210,1280,1281,1282,1283,1284,1285,1287,1288,1289,1578,1579,1620,1621,1622,1623"
True,4,7,28,58,8,fifo,True,False,62,461,16,True,1024,False,True,11,1024,32,True,162,-3.737499984672216,3342.3330261707306,3438.450804233551,3343.559891939163,3438.4495482444763,"90,91,92,93,94,95,96,97,98,99,510,511,512,513,514,550"
False,3,4,20,28,4,fifo,True,False,10,1479,4,True,1024,False,False,2,1024,16,True,165,-3.6606802649014902,3363.102520465851,3453.717806816101,3364.3461017608643,3453.7165880203247,"3441,3446,3511,3512,3513,3514,3515,3518,3519,3538,3993,3998,3999,4523,4525,4526"
True,9,11,29,20,16,fifo_wait,True,False,10,356,16,True,1024,False,True,15,1024,8,True,166,-4.133958963160754,3370.46302318573,3484.4107110500336,3371.779261112213,3484.409444093704,"1210,1280,1281,1282,1283,1284,1285,1287,1288,1289,1578,1579,1620,1621,1622,1623"
False,4,3,6,24,4,fifo,True,False,19,1182,16,True,1024,False,True,5,1024,2,True,167,-3.153247896023252,3439.965643644333,3513.0557119846344,3441.245863199234,3513.0545003414154,"90,91,92,93,94,95,96,97,98,99,510,511,512,513,514,550"
False,8,3,14,14,1,fifo,True,False,10,77,8,True,1024,False,False,3,1024,16,True,164,-4.678859258460821,3356.2640731334686,3514.6234900951385,3357.4968581199646,3514.4059772491455,"1174,1175,1176,1177,1178,1179,1190,1191,1192,1193,1194,1195,1196,1197,1198,1199"
True,2,3,10,43,32,fifo_wait,True,False,10,1651,1,True,1024,False,True,15,1024,16,True,157,-5.358392862869673,3258.3001635074615,3522.2262473106384,3259.6175558567047,3522.22505569458,"2867,2964,3208,3209,3239,3348,3349,3390,3391,3392,3393,3398,3430,3431,3439,3440"
True,12,4,27,25,1,fifo_wait,True,False,58,1303,16,True,1024,False,True,1,1024,32,True,168,-3.017006309155672,3455.385218858719,3526.8286275863647,3456.6515164375305,3526.8274602890015,"3441,3446,3511,3512,3513,3514,3515,3518,3519,3538,3993,3998,3999,4523,4525,4526"
False,10,3,30,24,8,fifo,True,False,10,133,16,True,1024,False,True,6,1024,16,True,169,-3.4381342063137756,3485.927502155304,3569.215224981308,3487.163108110428,3569.2138242721558,"1210,1280,1281,1282,1283,1284,1285,1287,1288,1289,1578,1579,1620,1621,1622,1623"
False,3,5,22,27,2,fifo_wait,True,False,10,732,16,True,1024,False,False,1,1024,32,True,171,-2.859322738356903,3516.327492237091,3585.0627319812775,3517.5876455307007,3585.061470270157,"1174,1175,1176,1177,1178,1179,1190,1191,1192,1193,1194,1195,1196,1197,1198,1199"
