busy_spin,hepnos_num_event_databases,hepnos_num_product_databases,hepnos_num_providers,hepnos_num_rpc_threads,hepnos_pes_per_node,hepnos_pool_type,hepnos_progress_thread,loader_batch_size,loader_pes_per_node,loader_progress_thread,job_id,objective,timestamp_submit,timestamp_gather,timestamp_start,timestamp_end,dequed
True,15,15,32,62,4,fifo,False,850,16,True,22,-2.5066029078697607,8.848192930221558,67.1208164691925,15.271587133407593,67.11840391159058,"2735,2736,2737,2778"
False,8,1,15,43,8,fifo_wait,True,1838,4,False,12,-3.2307648692606143,8.847952842712402,77.05639004707336,11.335726022720337,77.05507898330688,"2393,2394,2395,2396"
False,13,9,10,5,4,fifo_wait,True,1313,8,True,23,-3.1065757303802397,8.848221778869629,78.07456707954407,15.343136072158813,78.07335376739502,"2779,3001,3007,3074"
False,11,6,14,0,16,fifo,False,99,4,False,2,-3.587912052362676,8.847728490829468,84.9382758140564,8.905869960784912,84.93701887130737,"164,165,166,167"
False,12,13,24,13,8,fifo,False,712,8,True,25,-3.638309582203761,8.848275899887085,94.05052185058594,16.583414316177368,94.04923224449158,"3480,3481,3482,3485"
True,4,3,19,50,2,fifo_wait,True,752,2,True,3,-3.868804391308042,8.847752809524536,96.33368992805481,8.91372537612915,96.33236789703369,"168,169,210,211"
True,11,8,12,36,4,fifo,True,45,8,False,5,-3.8809656809628033,8.847798347473145,98.54038953781128,10.114283084869385,98.53924417495728,"216,217,218,219"
True,13,5,18,0,8,fifo,False,1276,2,True,1,-3.9219911579046864,8.847687005996704,99.515291929245,8.905874252319336,99.51415228843689,"160,161,162,163"
False,2,11,27,45,8,fifo_wait,True,1664,2,True,6,-4.018560827788389,8.847820281982422,105.53852939605713,10.10063886642456,105.53722095489502,"251,254,255,256"
False,1,7,11,16,4,fifo,True,1340,2,False,32,-3.918374790065561,8.848461866378784,107.49220943450928,18.123579263687134,107.49087333679199,"4036,4132,4528,4529"
True,14,2,15,26,8,fifo_wait,True,36,4,False,26,-4.03356961660761,8.848303318023682,112.34642767906189,16.59641146659851,112.34510326385498,"3486,3487,3488,3489"
False,3,10,8,53,8,fifo,True,118,4,True,18,-4.114413493925395,8.848081588745117,115.76275682449341,14.001900434494019,115.76144099235535,"2516,2517,2518,2519"
True,5,9,27,56,16,fifo_wait,True,1996,2,False,28,-4.120216966389493,8.848356008529663,119.08766984939575,16.844342947006226,119.08643698692322,"3643,3644,3645,3646"
False,2,14,11,62,16,fifo_wait,False,6,16,False,4,-4.478096752924554,8.84777569770813,137.61774826049805,8.918000936508179,137.61631393432617,"212,213,214,215"
False,7,13,15,47,32,fifo_wait,False,328,2,False,17,-4.542639248305621,8.848060369491577,148.52178978919983,13.949678897857666,148.5203342437744,"2512,2513,2514,2515"
True,16,13,5,52,8,fifo,True,160,2,True,16,-4.572806072538006,8.848039150238037,149.69396805763245,12.738974571228027,149.6928858757019,"2429,2432,2510,2511"
True,5,12,5,34,2,fifo,False,192,4,False,34,-3.5934225135407765,77.17180585861206,151.41078686714172,77.17450904846191,151.40951585769653,"2393,2394,2395,2396"
True,16,6,12,45,4,fifo,False,211,16,True,40,-2.655022069420943,99.63391542434692,151.93788409233093,99.63661503791809,151.93677234649658,"160,161,162,163"
False,3,16,29,58,16,fifo_wait,True,5,16,False,11,-4.6010145633365775,8.847930669784546,152.3369333744049,11.337881803512573,152.33578610420227,"2209,2390,2391,2392"
True,6,6,7,15,8,fifo_wait,False,305,2,True,33,-4.016112713952527,67.25120306015015,162.16316628456116,67.2535092830658,162.1619358062744,"2735,2736,2737,2778"
True,5,7,4,18,16,fifo_wait,True,1057,1,False,27,-4.741308178477564,8.848329782485962,171.24468517303467,16.64303994178772,171.2430934906006,"3569,3640,3641,3642"
False,12,8,2,61,16,fifo_wait,True,1830,1,True,21,-4.785840380032815,8.848146915435791,175.0238332748413,15.25405502319336,175.02245712280273,"2558,2559,2669,2734"
False,2,3,17,62,8,fifo,True,509,4,True,41,-3.5410143949846495,105.65625643730164,178.78573894500732,105.65907216072083,178.78464555740356,"251,254,255,256"
False,9,5,23,47,16,fifo_wait,False,2,16,False,24,-4.960092595134448,8.848248720169067,198.90008926391602,15.437114238739014,198.89881587028503,"3094,3210,3257,3284"
False,6,14,8,11,4,fifo_wait,False,490,8,True,54,-2.882569174536821,175.13737440109253,230.78529286384583,175.14001083374023,230.78386664390564,"2558,2559,2669,2734"
True,12,6,24,0,4,fifo,False,466,1,False,38,-4.579149566987423,96.4574978351593,231.3023226261139,96.4598400592804,231.30116081237793,"168,169,210,211"
True,6,13,8,39,8,fifo,True,33,8,True,44,-4.375224804586203,115.8718409538269,233.46854853630066,115.87422943115234,233.46722602844238,"2516,2517,2518,2519"
True,12,5,31,41,1,fifo,True,154,1,True,35,-4.765467649857205,78.18437480926514,233.9361207485199,78.18688583374023,233.93508076667786,"2779,3001,3007,3074"
False,14,10,14,56,8,fifo,False,41,4,True,36,-4.948965542989086,85.23706412315369,264.99307799339294,85.23945045471191,264.99160742759705,"164,165,166,167"
True,2,3,3,39,1,fifo_wait,True,15,8,False,10,-5.444052736773948,8.84790849685669,282.0845296382904,11.300846099853516,282.08322191238403,"2205,2206,2207,2208"
False,9,8,18,37,4,fifo_wait,True,375,2,False,56,-4.00802567268041,199.00390911102295,291.9187948703766,199.00665616989136,291.9176745414734,"3094,3210,3257,3284"
True,1,7,25,11,32,fifo_wait,True,25,1,True,14,-5.548900972287638,8.84799575805664,309.36691308021545,12.573019027709961,309.36554884910583,"2420,2421,2422,2423"
True,3,13,11,26,16,fifo_wait,False,22,1,True,31,-5.5830526013355515,8.848435163497925,321.98198556900024,18.00226640701294,321.98079776763916,"3686,3687,3688,3689"
False,8,8,2,45,32,fifo,True,3,8,True,61,F10003,265.2555205821991,322.59517335891724,265.2581648826599,322.5941984653473,"164,165,166,167"
True,12,8,1,22,32,fifo_wait,True,4,2,True,29,-5.596497886936101,8.848381996154785,327.35566115379333,17.866989135742188,327.3543210029602,"3648,3649,3680,3681"
True,13,10,32,47,4,fifo_wait,True,6,4,True,39,-5.296109931956028,98.65773344039917,336.6350028514862,98.66007900238037,336.63379549980164,"216,217,218,219"
True,2,7,14,29,1,fifo_wait,True,2,2,False,7,F10001,8.847842454910278,339.99797654151917,10.118030071258545,339.9967911243439,"257,1530,1842,1848"
True,13,9,17,15,4,fifo,False,16,1,False,8,F10001,8.847864151000977,340.12742948532104,10.122021198272705,340.09261989593506,"1849,2138,2139,2200"
True,13,15,10,56,2,fifo,False,8,8,False,13,F10001,8.8479745388031,342.6214461326599,12.537676095962524,342.6201112270355,"2397,2398,2399,2400"
False,5,14,27,27,8,fifo_wait,True,2,1,False,19,F10001,8.848104238510132,345.60937786102295,14.03878927230835,345.60794734954834,"2550,2551,2552,2553"
False,4,11,17,23,32,fifo,False,1611,8,True,59,-4.355746825653401,233.58585810661316,351.77373814582825,233.58837366104126,351.77241802215576,"2516,2517,2518,2519"
True,16,3,18,22,2,fifo,True,27,2,True,55,-4.930429795395201,179.07904958724976,354.74900221824646,179.0815465450287,354.74774050712585,"251,254,255,256"
True,13,4,26,44,8,fifo_wait,False,2,16,True,43,-5.355916238927435,112.46462488174438,363.238849401474,112.46722149848938,363.2376432418823,"3486,3487,3488,3489"
False,13,1,14,46,16,fifo,False,5,4,False,15,F10001,8.84801721572876,363.4023103713989,12.582808494567871,363.4014048576355,"2424,2426,2427,2428"
False,12,10,22,19,16,fifo_wait,True,45,2,False,20,F10001,8.84812593460083,364.56598472595215,14.133555173873901,364.56460881233215,"2554,2555,2556,2557"
True,7,9,23,57,16,fifo,False,31,2,False,30,F10001,8.848407983779907,368.82537150382996,17.924222946166992,368.82371616363525,"3682,3683,3684,3685"
True,9,15,19,35,32,fifo,False,3,1,True,9,F10001,8.847886323928833,371.53769731521606,11.28112506866455,371.53635692596436,"2201,2202,2203,2204"
False,16,12,14,54,2,fifo,False,130,8,False,65,-3.4584028314329345,322.1003954410553,391.84746527671814,322.1026985645294,391.8463110923767,"3686,3687,3688,3689"
True,13,15,2,17,8,fifo_wait,True,3,2,False,37,-5.596401400525766,94.15292763710022,400.9468832015991,94.15511536598206,400.94566917419434,"3480,3481,3482,3485"
True,1,11,28,21,8,fifo_wait,True,107,4,False,67,-3.6018608043705873,327.62516140937805,402.2032597064972,327.6279351711273,402.202024936676,"3648,3649,3680,3681"
True,2,9,31,63,8,fifo_wait,False,1,8,True,52,-5.333969218886765,162.28224396705627,407.3637306690216,162.28468871116638,407.36260747909546,"2735,2736,2737,2778"
False,4,14,13,41,32,fifo_wait,True,5,2,False,51,-5.426860086410881,152.45592880249023,418.365745306015,152.45886063575745,418.3644459247589,"2209,2390,2391,2392"
False,7,3,30,18,8,fifo,True,616,4,False,77,-3.35464720684232,364.68589520454407,430.9339280128479,364.6886684894562,430.9327516555786,"2554,2555,2556,2557"
False,11,4,3,21,2,fifo_wait,False,3,16,True,42,F10001,107.76730966567993,438.744980096817,107.76974606513977,438.7436058521271,"4036,4132,4528,4529"
True,2,8,12,13,1,fifo_wait,True,77,8,False,70,-4.170416319173345,340.24185705184937,443.4178149700165,340.2440550327301,443.41662406921387,"1849,2138,2139,2200"
False,15,4,14,36,2,fifo_wait,True,1,8,True,45,F10001,119.20431089401245,449.836608171463,119.20679235458374,449.83531188964844,"3643,3644,3645,3646"
True,4,9,30,0,4,fifo,True,10,1,False,46,F10001,137.72791361808777,466.5939552783966,137.73049902915955,466.59271216392517,"212,213,214,215"
True,3,9,13,43,1,fifo_wait,False,6,8,False,48,F10001,149.95081973075867,478.85804057121277,149.95338892936707,478.8569347858429,"2429,2432,2510,2511"
True,10,12,8,24,2,fifo_wait,False,2,4,False,49,F10001,151.5317027568817,480.57855892181396,151.53436756134033,480.57730197906494,"2393,2394,2395,2396"
False,9,2,8,37,16,fifo,True,6,2,False,50,F10001,152.0544548034668,482.1594874858856,152.05687189102173,482.158061504364,"160,161,162,163"
False,3,10,1,48,8,fifo_wait,False,1604,1,True,69,-4.675815025557423,340.1262729167938,486.44971227645874,340.1287579536438,486.44850635528564,"257,1530,1842,1848"
False,9,6,8,8,32,fifo,False,300,2,True,79,-4.352436894453763,371.6539704799652,487.29421186447144,371.65635228157043,487.29298973083496,"2201,2202,2203,2204"
False,15,15,17,5,32,fifo_wait,True,4,4,False,47,F10001,148.7536039352417,497.4330675601959,148.75602197647095,497.43185234069824,"2512,2513,2514,2515"
False,12,15,22,21,32,fifo_wait,False,892,4,False,82,-4.042730163654541,402.32005405426025,497.9846177101135,402.32247734069824,497.9833240509033,"3648,3649,3680,3681"
False,4,5,9,21,4,fifo,False,3,16,True,60,-5.445551323761896,234.05279278755188,504.2394504547119,234.0559046268463,504.2381498813629,"2779,3001,3007,3074"
False,14,12,10,52,1,fifo,True,22,8,False,62,-5.2842792922441095,282.21205282211304,517.2120943069458,282.21450448036194,517.2109377384186,"2205,2206,2207,2208"
False,7,4,4,38,16,fifo,False,31,1,True,53,F10001,171.38957715034485,524.9415805339813,171.39202690124512,524.9404337406158,"3569,3640,3641,3642"
False,15,2,14,28,4,fifo_wait,False,100,2,True,84,-4.271382742083366,418.48547983169556,527.0343010425568,418.4878513813019,527.0330059528351,"2209,2390,2391,2392"
True,12,10,14,24,8,fifo,False,277,2,False,85,-4.157680798404677,431.04003071784973,533.3296318054199,431.04261088371277,533.328449010849,"2554,2555,2556,2557"
True,6,6,20,38,16,fifo_wait,True,52,1,False,72,-5.1099676770157405,345.73744654655457,550.1780326366425,345.74025678634644,550.176812171936,"2550,2551,2552,2553"
False,9,1,23,22,4,fifo_wait,True,110,1,True,81,-4.752606949261801,401.05601835250854,553.7575657367706,401.05848383903503,553.756370306015,"3480,3481,3482,3485"
True,12,8,25,48,2,fifo_wait,False,2,16,True,58,F10001,231.43746256828308,562.3434255123138,231.44030237197876,562.3422367572784,"168,169,210,211"
False,13,1,10,35,1,fifo_wait,True,37,1,False,66,-5.360780297638112,322.7223205566406,575.0145733356476,322.72459959983826,575.013026714325,"164,165,166,167"
False,14,1,30,45,1,fifo,False,3,16,False,57,F10001,230.9023036956787,578.8004846572876,230.90497398376465,578.7992506027222,"2558,2559,2669,2734"
False,7,4,6,8,4,fifo_wait,False,293,8,False,100,-2.8676090873246043,527.1432821750641,582.5351088047028,527.1461584568024,582.5337710380554,"2209,2390,2391,2392"
False,16,13,30,39,32,fifo_wait,False,183,16,True,99,-3.0198100630330207,525.2236742973328,585.0661842823029,525.2262649536133,585.0648906230927,"3569,3640,3641,3642"
True,3,6,17,14,16,fifo,True,1979,8,True,104,-2.9296084965620626,562.458826303482,619.5345892906189,562.4613568782806,619.5333347320557,"168,169,210,211"
True,4,8,27,44,16,fifo_wait,False,44,2,True,94,-4.571574104892901,487.41375184059143,621.4845299720764,487.4163706302643,621.4832465648651,"2201,2202,2203,2204"
True,16,4,25,19,1,fifo,False,17,16,True,63,F10001,292.01947832107544,622.5998196601868,292.02183413505554,622.5986807346344,"3094,3210,3257,3284"
False,1,6,1,18,16,fifo_wait,False,32,2,False,97,-4.5266322622257995,504.36282205581665,634.2900664806366,504.36569929122925,634.2887914180756,"2779,3001,3007,3074"
False,13,13,18,57,2,fifo,True,2,2,True,64,F10001,309.4895339012146,637.9978785514832,309.4919321537018,637.9967367649078,"2420,2421,2422,2423"
False,15,16,13,26,1,fifo,True,581,8,True,108,-2.901536972041842,585.1802730560303,640.9676034450531,585.1825742721558,640.966470003128,"3569,3640,3641,3642"
False,3,13,5,44,8,fifo,True,58,2,False,89,-4.918234876823923,466.7016942501068,641.9051334857941,466.70420932769775,641.9040031433105,"212,213,214,215"
True,15,9,26,37,1,fifo_wait,False,18,8,True,78,-5.4770993330434585,368.94173884391785,646.1247181892395,368.94434237480164,646.1235852241516,"3682,3683,3684,3685"
True,9,10,15,19,16,fifo,False,17,4,True,91,-4.95828178876084,480.6939334869385,662.0084631443024,480.6965260505676,662.0073368549347,"2393,2394,2395,2396"
False,3,15,17,18,4,fifo,True,2,1,False,68,F10001,336.7494955062866,665.6250069141388,336.75189995765686,665.6238126754761,"216,217,218,219"
True,11,10,21,37,2,fifo_wait,False,15,4,True,90,-5.015052191892446,478.9779074192047,667.4192640781403,478.98046469688416,667.418114900589,"2429,2432,2510,2511"
True,13,9,20,49,1,fifo_wait,True,1,8,True,74,F10001,355.024845123291,683.8033602237701,355.0275146961212,683.8022108078003,"251,254,255,256"
True,11,1,1,42,8,fifo_wait,False,43,1,True,92,-5.1279204280423745,482.4370422363281,689.6047251224518,482.43982911109924,689.6034693717957,"160,161,162,163"
False,16,4,31,50,16,fifo_wait,True,86,2,True,107,-4.271287792825295,582.6529347896576,691.6660544872284,582.6557502746582,691.6648988723755,"2209,2390,2391,2392"
False,3,8,7,2,8,fifo_wait,False,7,16,True,71,F10001,342.7382929325104,691.7864832878113,342.7408974170685,691.7704451084137,"2397,2398,2399,2400"
True,11,9,28,26,1,fifo,False,5,1,True,76,F10001,363.5144805908203,692.2968583106995,363.51665782928467,692.2957103252411,"2424,2426,2427,2428"
False,7,10,17,14,16,fifo_wait,True,15,1,True,75,F10001,363.3427073955536,692.5544481277466,363.34539818763733,692.5534512996674,"3486,3487,3488,3489"
False,2,16,22,43,2,fifo_wait,True,17,16,False,98,-4.936033866880275,517.3319275379181,695.4138336181641,517.3344802856445,695.4125535488129,"2205,2206,2207,2208"
False,6,8,15,31,32,fifo_wait,True,4,16,True,105,-4.456847656118952,575.3019924163818,701.0703797340393,575.304500579834,701.0693740844727,"164,165,166,167"
True,15,12,19,25,32,fifo,True,22,4,True,73,F10001,351.89092922210693,701.7135546207428,351.89329838752747,701.7124989032745,"2516,2517,2518,2519"
False,16,14,11,33,32,fifo,True,1556,16,False,119,F10003,667.5374941825867,703.1533436775208,667.5403153896332,703.1522710323334,"2429,2432,2510,2511"
True,13,1,29,18,8,fifo,False,1075,16,False,118,-2.5244718548791707,665.7379937171936,716.0370607376099,665.7409307956696,716.0357158184052,"216,217,218,219"
False,12,4,11,47,8,fifo,False,76,16,False,115,-3.6918101554105123,642.0430467128754,721.3554759025574,642.0454964637756,721.3541283607483,"212,213,214,215"
True,2,10,21,27,4,fifo,False,39,16,False,113,-3.916076777779094,638.116313457489,726.4109392166138,638.1192479133606,726.4095845222473,"2420,2421,2422,2423"
False,14,2,7,20,16,fifo_wait,True,33,1,False,102,-4.9830105536841245,550.2916042804718,734.5350520610809,550.29416680336,734.5338127613068,"2550,2551,2552,2553"
True,7,12,15,47,8,fifo_wait,True,1,8,False,95,-5.317551204663335,497.55479550361633,739.1777458190918,497.55727767944336,739.1767156124115,"2512,2513,2514,2515"
False,10,16,1,63,32,fifo,False,5,8,False,80,F10001,392.11948251724243,743.9723358154297,392.12209391593933,743.9711637496948,"3686,3687,3688,3689"
False,15,14,10,15,2,fifo,False,30,16,False,110,-4.467401256243195,621.5960495471954,747.2362794876099,621.5985119342804,747.2350099086761,"2201,2202,2203,2204"
False,6,13,17,1,1,fifo_wait,True,662,16,False,120,-3.3846681908220497,683.9330549240112,751.6400203704834,683.935154914856,751.6388077735901,"251,254,255,256"
True,3,16,13,60,1,fifo_wait,False,36,2,True,103,-5.09653160518647,553.8754682540894,754.3010666370392,553.8777930736542,754.2994372844696,"3480,3481,3482,3485"
True,12,13,25,2,16,fifo_wait,True,10,2,False,83,F10001,407.48040103912354,755.8002686500549,407.4827916622162,755.7991213798523,"2735,2736,2737,2778"
False,15,2,21,30,2,fifo,False,69,2,False,109,-4.620147464501633,619.6493237018585,758.3318412303925,619.6516666412354,758.3307318687439,"168,169,210,211"
False,1,2,23,56,8,fifo_wait,True,102,8,False,128,-2.9689518580190217,701.8323450088501,759.219940662384,701.8347976207733,759.2188467979431,"2516,2517,2518,2519"
True,13,3,6,51,8,fifo_wait,True,206,4,False,124,-3.4717055489527615,692.4263513088226,763.6306223869324,692.4286780357361,763.6294317245483,"2424,2426,2427,2428"
True,6,8,6,29,2,fifo,False,456,1,True,112,-4.612910154998309,634.3950502872467,772.584730386734,634.3975160121918,772.583437204361,"2779,3001,3007,3074"
True,15,5,25,50,1,fifo,True,1,4,True,87,F10001,443.53364062309265,773.9728934764862,443.53594994544983,773.9718277454376,"1849,2138,2139,2200"
False,4,15,31,1,4,fifo_wait,True,1669,8,True,131,-3.0326763586936996,721.470559835434,779.6026463508606,721.4733917713165,779.6012845039368,"212,213,214,215"
True,7,6,8,56,4,fifo_wait,True,1,2,False,88,F10001,449.9568212032318,780.8210136890411,449.9593698978424,780.8197963237762,"3643,3644,3645,3646"
False,13,9,26,44,2,fifo_wait,True,81,4,True,121,-4.019245586365866,689.879736661911,783.6554770469666,689.88197016716,783.6542131900787,"160,161,162,163"
False,7,15,22,13,16,fifo,False,8,16,False,86,F10001,439.0138030052185,787.7606024742126,439.0167746543884,787.7595202922821,"4036,4132,4528,4529"
True,2,16,20,7,1,fifo_wait,True,1601,16,False,136,-2.6939580380250705,747.3463289737701,799.7691757678986,747.3486082553864,799.7679586410522,"2201,2202,2203,2204"
True,15,1,15,4,8,fifo_wait,True,578,8,True,139,-2.7829411999438363,755.9216825962067,810.0685393810272,755.9239771366119,810.067417383194,"2735,2736,2737,2778"
True,16,14,6,50,16,fifo_wait,True,15,16,True,132,-3.8263845037955506,726.5436658859253,811.3257555961609,726.5461795330048,811.3243956565857,"2420,2421,2422,2423"
True,15,5,27,33,1,fifo_wait,True,330,4,False,137,-3.4819813529934285,751.758588552475,821.9022781848907,751.7613112926483,821.9008779525757,"251,254,255,256"
False,7,12,9,3,2,fifo,False,4,4,True,93,F10001,486.56961703300476,834.2710893154144,486.5720543861389,834.2699799537659,"257,1530,1842,1848"
True,1,14,32,55,16,fifo_wait,False,133,16,True,145,-2.818356466353029,779.7240533828735,834.3910081386566,779.7266099452972,834.3697893619537,"212,213,214,215"
True,6,12,29,58,2,fifo_wait,True,722,8,True,148,-2.8433092671058997,787.8818073272705,842.3738059997559,787.8839735984802,842.3725407123566,"4036,4132,4528,4529"
True,5,8,14,59,16,fifo_wait,True,948,1,True,122,-4.786049035914122,691.7853169441223,850.670107126236,691.7875382900238,850.6687595844269,"2209,2390,2391,2392"
True,6,13,5,55,16,fifo,True,2,2,False,96,F10001,498.1206388473511,854.7396948337555,498.12329173088074,854.7385511398315,"3648,3649,3680,3681"
True,8,11,31,37,2,fifo,False,379,1,False,130,-4.639523302359754,716.153201341629,856.4410409927368,716.1556231975555,856.4399049282074,"216,217,218,219"
True,3,14,2,29,16,fifo_wait,True,1733,1,False,127,-4.911345204949043,701.3236334323883,874.4278359413147,701.3262896537781,874.4266347885132,"164,165,166,167"
False,6,15,17,16,8,fifo_wait,False,508,1,False,125,-4.98332576035267,692.6942386627197,877.6409389972687,692.6967740058899,877.6395828723907,"3486,3487,3488,3489"
True,15,4,15,2,8,fifo,False,7,8,True,101,F10001,533.4419145584106,880.9535477161407,533.4442632198334,880.9523150920868,"2554,2555,2556,2557"
True,9,14,27,38,8,fifo,True,13,16,False,129,-4.876669521428095,703.2718079090118,882.8010873794556,703.2740807533264,882.7999513149261,"2429,2432,2510,2511"
False,9,6,13,51,8,fifo_wait,True,341,16,True,154,-2.475235030091269,834.5083858966827,884.0920436382294,834.5109267234802,884.0908966064453,"212,213,214,215"
True,11,8,24,2,1,fifo_wait,True,867,2,False,147,-4.318086601073577,783.7782933712006,895.8484013080597,783.7809793949127,895.8472256660461,"160,161,162,163"
False,15,12,21,29,2,fifo,True,28,16,False,144,-4.55211534098088,774.0988185405731,906.9810926914215,774.101065158844,906.9799025058746,"1849,2138,2139,2200"
False,4,7,18,3,16,fifo,True,14,4,False,106,F10001,578.9155249595642,926.5750098228455,578.9180092811584,926.5736091136932,"2558,2559,2669,2734"
True,8,14,17,54,8,fifo_wait,False,430,8,False,160,-2.9680732655600166,877.757684469223,936.137188911438,877.7603182792664,936.0890460014343,"3486,3487,3488,3489"
False,1,4,4,50,4,fifo,True,181,4,True,157,-3.7474478456901528,854.8588511943817,936.6540884971619,854.8613862991333,936.6528241634369,"3648,3649,3680,3681"
True,16,3,16,38,16,fifo_wait,False,136,2,False,156,-4.069891337642799,850.7770390510559,948.05650639534,850.7794950008392,948.0551836490631,"2209,2390,2391,2392"
True,6,9,1,28,4,fifo,False,1419,4,False,162,-3.342564940801494,882.9150176048279,949.418128490448,882.917268037796,949.416886806488,"2429,2432,2510,2511"
True,5,5,30,15,8,fifo_wait,True,17,16,False,155,-4.285596953461632,842.4954297542572,953.3579707145691,842.4980182647705,953.3567659854889,"4036,4132,4528,4529"
False,1,5,18,11,32,fifo,False,4,8,False,126,-5.393636637220131,695.5475959777832,956.0544002056122,695.5499994754791,956.0533044338226,"2205,2206,2207,2208"
False,1,13,31,58,16,fifo_wait,False,2,8,True,142,-5.048977416273289,763.7515051364899,957.9754076004028,763.7539756298065,957.9740793704987,"2424,2426,2427,2428"
True,9,13,24,12,8,fifo,False,29,4,True,111,F10001,622.7141609191895,971.3372256755829,622.7167074680328,971.2953886985779,"3094,3210,3257,3284"
True,12,5,12,42,4,fifo_wait,True,2,1,False,114,F10001,641.2582929134369,972.9714243412018,641.2610008716583,972.9701762199402,"3569,3640,3641,3642"
False,15,11,17,37,1,fifo_wait,False,7,2,True,116,F10001,646.2399110794067,977.8935732841492,646.2421369552612,977.8922164440155,"3682,3683,3684,3685"
False,14,5,7,15,1,fifo_wait,True,16,8,False,123,-5.5027795017738,691.9027376174927,978.436686038971,691.9048798084259,978.4071247577667,"2397,2398,2399,2400"
True,2,11,9,44,16,fifo_wait,True,7,2,False,134,-5.3373794132683114,739.2965178489685,985.1578710079193,739.2987687587738,985.1567163467407,"2512,2513,2514,2515"
False,14,7,25,20,16,fifo_wait,True,42,16,True,135,-5.322668457411868,744.0905585289001,989.1221039295197,744.0940091609955,989.1208770275116,"3686,3687,3688,3689"
False,12,5,28,3,1,fifo_wait,True,115,16,True,164,-4.260919172981665,895.9559993743896,1004.9747061729431,895.9584481716156,1004.973304271698,"160,161,162,163"
True,15,16,23,4,4,fifo,False,4,16,False,117,F10001,662.1325469017029,1009.8231761455536,662.1350228786469,1009.8219649791718,"2393,2394,2395,2396"
False,10,5,2,26,1,fifo,False,65,16,True,165,-4.158593979073054,907.2506747245789,1010.1901540756226,907.2531952857971,1010.1888456344604,"1849,2138,2139,2200"
False,7,14,21,48,2,fifo_wait,True,1927,8,False,169,-2.759478153089686,948.1893475055695,1011.4047067165375,948.1917915344238,1011.4034795761108,"2209,2390,2391,2392"
True,3,12,4,6,8,fifo,True,7,4,True,149,-5.21698799814815,799.8878502845764,1021.5219790935516,799.890114068985,1021.5207369327545,"2201,2202,2203,2204"
False,13,8,9,52,8,fifo_wait,False,529,8,True,172,-2.877134531114144,956.3655478954315,1025.117074251175,956.3686902523041,1025.115868806839,"2205,2206,2207,2208"
False,13,12,20,23,4,fifo,True,246,1,True,159,-4.767510099463454,874.5497994422913,1029.1969830989838,874.5524003505707,1029.195731639862,"164,165,166,167"
True,9,12,9,4,32,fifo,True,405,8,False,166,-4.007604057634138,926.8631191253662,1030.6446068286896,926.8659408092499,1030.643358707428,"2558,2559,2669,2734"
False,16,1,29,56,32,fifo,True,315,2,True,141,-5.437017876237561,759.3401021957397,1032.5740268230438,759.3425703048706,1032.5728199481964,"2516,2517,2518,2519"
True,7,14,11,26,8,fifo,False,41,16,True,171,-3.584954019345883,953.8726687431335,1041.7218692302704,953.8754887580872,1041.720636844635,"4036,4132,4528,4529"
True,6,8,5,12,2,fifo,False,62,8,False,173,-3.6453115054099943,958.4437596797943,1046.8993651866913,958.4467074871063,1046.8982121944427,"2424,2426,2427,2428"
True,13,14,27,34,32,fifo_wait,False,3,8,False,163,-4.818586581543719,884.2165474891663,1047.1924352645874,884.2193388938904,1047.1384708881378,"212,213,214,215"
False,15,6,23,47,32,fifo_wait,False,1109,2,True,167,-4.256188430584037,936.3762149810791,1052.4746050834656,936.3793044090271,1052.4732992649078,"3486,3487,3488,3489"
False,2,6,13,11,4,fifo,True,294,16,False,180,-2.4775127152342877,1005.1059277057648,1054.5695650577545,1005.1086494922638,1054.5684316158295,"160,161,162,163"
True,11,4,30,62,1,fifo,False,10,8,False,133,F10001,734.8138852119446,1063.7534935474396,734.8166370391846,1063.7521069049835,"2550,2551,2552,2553"
True,10,13,4,5,32,fifo,False,696,16,True,184,-2.9871757708708704,1021.6451597213745,1080.3273088932037,1021.6475012302399,1080.32599568367,"2201,2202,2203,2204"
False,3,12,10,7,1,fifo_wait,True,1,16,True,138,F10001,754.4154469966888,1085.2781205177307,754.4181184768677,1085.2768223285675,"3480,3481,3482,3485"
False,16,15,25,51,2,fifo_wait,True,5,1,True,140,F10001,758.6372861862183,1087.430448770523,758.6398582458496,1087.4291334152222,"168,169,210,211"
True,16,12,14,35,8,fifo,False,146,8,False,186,-3.351695464256473,1029.3196330070496,1096.0411403179169,1029.3224461078644,1096.0398497581482,"164,165,166,167"
False,10,1,27,12,16,fifo,True,1089,4,False,183,-3.9500718783986852,1011.704915523529,1101.3258175849915,1011.7076272964478,1101.324426651001,"2209,2390,2391,2392"
False,2,15,29,27,4,fifo_wait,True,1934,16,False,192,-2.403181277227608,1052.6080372333527,1102.6020214557648,1052.6106293201447,1102.6008043289185,"3486,3487,3488,3489"
False,1,11,12,2,1,fifo_wait,True,84,2,True,153,-5.456866928519676,834.3896932601929,1106.035804271698,834.3927202224731,1106.0344653129578,"257,1530,1842,1848"
False,9,3,30,55,16,fifo_wait,False,150,2,False,182,-4.218857493834521,1010.3185911178589,1117.3306365013123,1010.3211591243744,1117.3293941020966,"1849,2138,2139,2200"
True,9,5,16,12,8,fifo_wait,False,9,16,False,143,F10001,772.7096161842346,1121.3328619003296,772.7119116783142,1121.3315510749817,"2779,3001,3007,3074"
False,2,4,31,47,8,fifo,False,566,16,True,194,-2.983654631578171,1063.8776369094849,1122.929095506668,1063.8799092769623,1122.927856206894,"2550,2551,2552,2553"
True,6,13,27,7,16,fifo_wait,False,5,1,False,146,F10001,781.1036043167114,1128.9073448181152,781.1061856746674,1128.9059414863586,"3643,3644,3645,3646"
False,1,7,28,5,16,fifo_wait,False,73,8,True,161,-5.358932576555475,881.0747723579407,1131.9215016365051,881.0771989822388,1131.9200613498688,"2554,2555,2556,2557"
True,5,16,15,25,4,fifo_wait,False,210,1,False,177,-4.7475894640823935,978.8576955795288,1132.3917586803436,978.8604073524475,1132.3906247615814,"2397,2398,2399,2400"
False,8,7,6,59,8,fifo_wait,True,10,4,True,175,-4.783634312454741,973.191427230835,1133.6532726287842,973.1941711902618,1133.6520404815674,"3569,3640,3641,3642"
True,11,5,27,40,4,fifo_wait,True,2,2,True,150,F10001,810.1846072673798,1139.067438840866,810.1869776248932,1139.0661902427673,"2735,2736,2737,2778"
True,4,7,16,32,2,fifo,True,11,1,False,151,F10001,811.4490613937378,1140.2288508415222,811.4518013000488,1140.2276649475098,"2420,2421,2422,2423"
False,12,1,13,45,32,fifo,False,81,1,True,191,F10003,1047.3152091503143,1159.5723135471344,1047.3179867267609,1159.5710413455963,"212,213,214,215"
False,6,5,32,8,4,fifo_wait,True,9,4,False,152,F10001,822.1742577552795,1169.2862417697906,822.1772422790527,1169.285019159317,"251,254,255,256"
False,2,1,11,30,32,fifo_wait,True,640,16,True,203,-2.330521220186948,1121.469759941101,1171.3895556926727,1121.4724481105804,1171.3882637023926,"2779,3001,3007,3074"
False,16,6,25,57,1,fifo,False,48,8,True,187,-4.689207979590888,1030.7673869132996,1177.7360620498657,1030.7702341079712,1177.7347810268402,"2558,2559,2669,2734"
False,4,15,22,27,8,fifo,True,736,16,False,208,-2.546542524821383,1133.9400460720062,1185.4495158195496,1133.943035364151,1185.4481709003448,"3569,3640,3641,3642"
True,16,8,31,26,4,fifo,False,4,8,True,158,F10001,856.737740278244,1203.9971804618835,856.7404210567474,1203.9959259033203,"216,217,218,219"
True,3,10,6,31,8,fifo,True,70,2,True,196,-4.589614826267801,1085.5722723007202,1221.522733449936,1085.5750172138214,1221.5217056274414,"3480,3481,3482,3485"
False,6,6,30,59,2,fifo,False,105,4,True,206,-3.9701617163975946,1132.0518836975098,1223.396149635315,1132.0543956756592,1223.394897699356,"2554,2555,2556,2557"
True,11,8,8,57,1,fifo_wait,False,1324,8,True,214,-2.828271742666384,1177.8488929271698,1232.754382133484,1177.8516309261322,1232.7531831264496,"2558,2559,2669,2734"
False,12,1,19,61,2,fifo_wait,False,13,16,True,178,-5.42973590366455,985.2832944393158,1251.7229542732239,985.285740852356,1251.7218146324158,"2512,2513,2514,2515"
True,15,5,1,54,2,fifo_wait,False,53,8,True,212,-3.9516224929911887,1169.40225481987,1259.0338237285614,1169.4048047065735,1259.032680273056,"251,254,255,256"
True,5,4,27,21,32,fifo_wait,True,195,8,False,216,-3.0585145659242254,1204.1167361736298,1264.4537463188171,1204.119183063507,1264.4524631500244,"216,217,218,219"
True,10,9,22,29,8,fifo_wait,False,335,1,True,202,-4.718382793129713,1117.6185462474823,1268.1772260665894,1117.621039390564,1268.1759736537933,"1849,2138,2139,2200"
True,9,8,30,39,16,fifo_wait,True,10,4,False,204,-4.757650900771025,1123.051105260849,1277.953833580017,1123.0534970760345,1277.952603816986,"2550,2551,2552,2553"
False,14,1,16,27,8,fifo_wait,False,22,4,False,211,-4.427414589314915,1159.6951787471771,1282.1094844341278,1159.697627544403,1282.1084797382355,"212,213,214,215"
True,7,2,21,29,8,fifo_wait,False,44,1,True,195,-5.1247315418946435,1080.4486582279205,1287.2327406406403,1080.451222896576,1287.2315557003021,"2201,2202,2203,2204"
False,3,11,4,55,4,fifo_wait,True,12,4,False,200,-5.002824872004279,1102.7261731624603,1289.7596418857574,1102.7287573814392,1289.758463382721,"3486,3487,3488,3489"
True,10,9,26,6,32,fifo_wait,False,3,2,False,168,F10001,936.9512777328491,1292.6666021347046,936.9539086818695,1292.6653468608856,"3648,3649,3680,3681"
True,9,12,14,14,4,fifo_wait,True,57,16,False,218,-3.4935638390245236,1223.5154781341553,1294.828134059906,1223.517828464508,1294.8269765377045,"2554,2555,2556,2557"
False,7,6,2,16,2,fifo,False,4,1,True,174,F10001,971.5882530212402,1307.157030582428,971.638069152832,1307.1560144424438,"3094,3210,3257,3284"
False,7,9,3,51,1,fifo,True,2,2,False,176,F10001,978.1001780033112,1310.4376623630524,978.1031565666199,1310.436452627182,"3682,3683,3684,3685"
True,13,8,19,56,32,fifo,False,83,1,True,170,F10001,949.5717823505402,1315.6026973724365,949.5744578838348,1315.6015634536743,"2429,2432,2510,2511"
False,8,14,31,57,32,fifo_wait,False,2,1,False,179,F10001,989.2671241760254,1319.7568418979645,989.2695553302765,1319.7556269168854,"3686,3687,3688,3689"
False,12,8,1,29,4,fifo_wait,False,6,2,True,189,-5.502033420196148,1041.8411073684692,1325.086612701416,1041.8439466953278,1325.0855090618134,"4036,4132,4528,4529"
True,14,3,11,60,16,fifo,True,747,1,True,220,F10003,1251.8380916118622,1333.0259673595428,1251.840591430664,1333.0247633457184,"2512,2513,2514,2515"
False,10,3,28,23,4,fifo,False,4,16,False,181,-5.653488680601734,1009.9535274505615,1333.492837190628,1009.9562878608704,1333.4918990135193,"2393,2394,2395,2396"
True,1,7,21,7,1,fifo_wait,True,45,16,False,207,-5.168015040586001,1132.5114841461182,1346.7469592094421,1132.513757944107,1346.7457854747772,"2397,2398,2399,2400"
True,5,10,20,38,8,fifo_wait,False,3,1,True,185,F10001,1025.2408156394958,1355.7390630245209,1025.2434458732605,1355.737949848175,"2205,2206,2207,2208"
True,9,7,18,54,1,fifo,True,17,2,False,188,F10001,1032.7032451629639,1361.7277581691742,1032.7057259082794,1361.7264778614044,"2516,2517,2518,2519"
False,3,13,4,31,32,fifo_wait,False,7,2,False,199,-5.454585802346296,1101.452882528305,1374.3439660072327,1101.4553668498993,1374.3428540229797,"2209,2390,2391,2392"
True,14,5,23,41,8,fifo_wait,False,1,2,True,190,F10001,1047.1911466121674,1376.2247536182404,1047.1935522556305,1376.223661661148,"2424,2426,2427,2428"
True,2,9,10,47,2,fifo,True,158,8,False,231,-3.350205796141872,1310.558884859085,1378.135402917862,1310.561363697052,1378.1341998577118,"3682,3683,3684,3685"
True,4,12,20,38,16,fifo_wait,True,25,1,True,197,-5.547923670147588,1087.555414199829,1381.8077051639557,1087.5579645633698,1381.8065009117126,"168,169,210,211"
False,3,16,3,4,2,fifo,True,8,2,False,193,F10001,1054.6941845417023,1383.6329712867737,1054.6967270374298,1383.63188290596,"160,161,162,163"
False,15,14,26,62,2,fifo,False,433,8,False,234,-2.9912070501574615,1325.2109680175781,1383.757493019104,1325.2133316993713,1383.6788127422333,"4036,4132,4528,4529"
True,11,8,11,62,32,fifo_wait,True,15,8,False,228,-4.0327971189035186,1292.786423921585,1388.9397246837616,1292.7887330055237,1388.9382920265198,"3648,3649,3680,3681"
True,4,5,24,44,8,fifo,True,48,16,True,232,-3.664271650427188,1315.732470035553,1394.1109251976013,1315.734976053238,1394.1097254753113,"2429,2432,2510,2511"
True,10,2,16,29,16,fifo_wait,False,106,16,True,237,-2.8653388096203956,1346.869061946869,1403.8895070552826,1346.871813774109,1403.8882789611816,"2397,2398,2399,2400"
True,12,13,18,18,8,fifo,False,408,4,False,236,-3.5172337075236126,1333.6147966384888,1405.405547618866,1333.6172368526459,1405.4042987823486,"2393,2394,2395,2396"
False,5,15,24,47,4,fifo,True,33,1,True,198,-5.629601166480126,1096.165702342987,1412.7185649871826,1096.1680040359497,1412.7174453735352,"164,165,166,167"
True,11,5,4,46,2,fifo_wait,False,19,8,False,221,-4.8264079223902066,1259.155187368393,1422.1012358665466,1259.1574862003326,1422.1000096797943,"251,254,255,256"
True,10,9,14,24,4,fifo,False,1676,16,True,240,-2.331939990953379,1374.468058347702,1423.1345286369324,1374.47123503685,1423.1333045959473,"2209,2390,2391,2392"
False,11,5,19,31,8,fifo_wait,True,293,16,False,241,-2.416502890454689,1376.5167577266693,1426.8961145877838,1376.5189814567566,1426.8949427604675,"2424,2426,2427,2428"
True,13,10,20,8,2,fifo,True,546,2,False,230,-4.469330989574625,1307.2786965370178,1432.8237240314484,1307.2811603546143,1432.822413444519,"3094,3210,3257,3284"
False,10,9,9,18,1,fifo,False,1860,8,True,246,-2.759205819346169,1389.0644042491913,1443.2397615909576,1389.0670280456543,1443.238376379013,"3648,3649,3680,3681"
False,2,5,22,35,4,fifo,False,151,4,False,243,-3.6750441866574635,1381.9361584186554,1458.8214721679688,1381.9385883808136,1458.8202764987946,"168,169,210,211"
False,4,12,6,0,16,fifo_wait,False,776,8,False,248,-3.0720866492243517,1404.1807305812836,1464.0698461532593,1404.183791399002,1464.0686333179474,"2397,2398,2399,2400"
True,13,15,1,16,16,fifo,True,3,2,False,209,F10001,1139.1893546581268,1469.7339181900024,1139.191780090332,1469.7327890396118,"2735,2736,2737,2778"
True,4,2,27,63,1,fifo_wait,True,129,4,True,244,-3.9000900905534372,1383.7561540603638,1470.447157382965,1383.7587287425995,1470.4459826946259,"160,161,162,163"
False,1,6,11,34,32,fifo,False,8,4,True,201,F10001,1106.1876690387726,1471.7817590236664,1106.1901941299438,1471.7805597782135,"257,1530,1842,1848"
False,7,11,17,4,32,fifo,False,11,16,False,205,F10001,1129.0320601463318,1478.329267024994,1129.0345358848572,1478.3279812335968,"3643,3644,3645,3646"
True,1,15,11,62,32,fifo,False,3,16,True,210,F10001,1140.348670244217,1494.411007642746,1140.3511350154877,1494.409817457199,"2420,2421,2422,2423"
False,5,8,13,50,2,fifo_wait,False,149,4,False,251,-3.7153193198559067,1422.2407629489899,1501.108108997345,1422.2433943748474,1501.1069283485413,"251,254,255,256"
False,7,16,19,23,8,fifo_wait,False,131,8,False,255,-3.1227921459905836,1443.3604335784912,1504.5299937725067,1443.3631834983826,1504.5287611484528,"3648,3649,3680,3681"
True,11,4,11,7,32,fifo_wait,False,1497,2,False,249,-4.110732870627631,1405.5302567481995,1505.6444749832153,1405.532931804657,1505.6432869434357,"2393,2394,2395,2396"
False,7,16,24,41,1,fifo,True,6,2,False,215,F10001,1185.730050086975,1514.942372083664,1185.7325510978699,1514.94131565094,"3569,3640,3641,3642"
False,11,8,6,4,16,fifo,False,2,16,False,213,F10001,1171.5106563568115,1519.2807786464691,1171.5131237506866,1519.279713153839,"2779,3001,3007,3074"
False,8,12,20,25,8,fifo_wait,False,1097,1,True,242,-4.69881534404908,1378.2903852462769,1526.2607748508453,1378.293033838272,1526.2595446109772,"3682,3683,3684,3685"
False,4,6,11,42,1,fifo,False,214,2,True,253,-4.156398749957373,1427.025868177414,1528.6634142398834,1427.0285041332245,1528.662223815918,"2424,2426,2427,2428"
False,2,9,32,34,32,fifo_wait,True,56,1,True,229,-5.307485213122394,1295.1207234859467,1536.2210483551025,1295.123334646225,1536.2199094295502,"2554,2555,2556,2557"
True,1,5,21,17,8,fifo,False,3,8,True,224,-5.403294308650932,1278.0858335494995,1539.8691608905792,1278.0880808830261,1539.867957353592,"2550,2551,2552,2553"
True,2,6,2,8,2,fifo,True,9,2,False,219,-5.6028049323148785,1232.8767426013947,1541.732225894928,1232.8793144226074,1541.7310671806335,"2558,2559,2669,2734"
False,13,6,3,26,1,fifo,True,2,1,False,217,F10001,1221.645039319992,1550.513480424881,1221.647531747818,1550.5122623443604,"3480,3481,3482,3485"
True,6,14,3,43,8,fifo_wait,True,7,4,True,238,-5.060808628229051,1355.8659512996674,1551.337572336197,1355.8684558868408,1551.33642911911,"2205,2206,2207,2208"
False,13,9,25,2,2,fifo,True,71,4,True,239,-5.042127501186441,1361.8518035411835,1554.2767930030823,1361.8541934490204,1554.2755494117737,"2516,2517,2518,2519"
True,11,1,11,21,2,fifo_wait,True,93,1,True,247,-4.91830799441166,1394.2326004505157,1568.1986892223358,1394.2350714206696,1568.1975486278534,"2429,2432,2510,2511"
False,12,10,24,41,8,fifo_wait,True,124,4,False,262,-3.6642357778261645,1494.5372576713562,1572.4604921340942,1494.5398197174072,1572.459125995636,"2420,2421,2422,2423"
True,11,7,16,3,32,fifo,False,1256,8,True,265,-3.454637037633463,1505.7755348682404,1576.7575237751007,1505.7783885002136,1576.7562334537506,"2393,2394,2395,2396"
True,10,3,23,12,16,fifo,False,857,16,False,268,-3.128382027649455,1526.388824224472,1588.063577413559,1526.391566991806,1588.062420129776,"3682,3683,3684,3685"
True,5,14,27,44,4,fifo,False,84,8,False,267,-3.5760214580153855,1519.4087162017822,1593.1593778133392,1519.411116361618,1593.1581916809082,"2779,3001,3007,3074"
False,14,12,12,38,8,fifo,False,120,4,True,264,-3.937692701492563,1504.6549806594849,1594.2280058860779,1504.6577463150024,1594.2267656326294,"3648,3649,3680,3681"
False,8,10,28,8,32,fifo_wait,False,332,2,False,226,-5.5928509139489195,1287.3576674461365,1594.912297964096,1287.3601899147034,1594.9111530780792,"2201,2202,2203,2204"
False,7,9,21,30,32,fifo_wait,True,17,1,False,222,F10001,1264.7653386592865,1595.0383808612823,1264.76762008667,1595.030776977539,"216,217,218,219"
False,13,2,21,40,2,fifo_wait,False,5,1,False,223,F10001,1268.3007280826569,1597.4697320461273,1268.3033266067505,1597.4685244560242,"1849,2138,2139,2200"
False,11,11,15,52,1,fifo,True,389,1,True,256,-4.6520728556743105,1458.9470601081848,1601.1502449512482,1458.949524641037,1601.1489152908325,"168,169,210,211"
False,11,12,9,53,1,fifo,False,5,2,True,227,F10001,1289.8829309940338,1619.4526109695435,1289.8855984210968,1619.4513623714447,"3486,3487,3488,3489"
False,16,5,16,28,32,fifo,True,778,8,True,283,F10003,1595.1623511314392,1632.4509236812592,1595.1650705337524,1632.449538230896,"216,217,218,219"
False,9,1,4,59,32,fifo,False,436,8,True,259,-4.759486566371969,1470.5736768245697,1634.6414504051208,1470.5762155056,1634.6401801109314,"160,161,162,163"
False,6,7,22,53,32,fifo,True,4,16,False,225,F10001,1282.2307488918304,1635.0921032428741,1282.233039855957,1635.0909314155579,"212,213,214,215"
False,13,6,24,16,2,fifo_wait,True,239,4,True,269,-4.4900555868859815,1528.7894260883331,1655.8112337589264,1528.7920033931732,1655.8098983764648,"2424,2426,2427,2428"
False,3,9,16,48,32,fifo_wait,False,110,8,True,280,-3.2641894767752535,1593.2853424549103,1658.9690437316895,1593.287892818451,1658.9676434993744,"2779,3001,3007,3074"
True,9,13,22,17,2,fifo,False,9,1,True,233,F10001,1319.8821487426758,1667.7838854789734,1319.8845310211182,1667.7826743125916,"3686,3687,3688,3689"
False,11,5,29,2,8,fifo_wait,True,1185,4,True,282,-3.9022150644370606,1595.037142753601,1682.735199689865,1595.0394666194916,1682.7341051101685,"2201,2202,2203,2204"
False,9,4,7,29,16,fifo_wait,True,8,8,False,275,-4.570572530019058,1554.3993408679962,1689.2551307678223,1554.4017825126648,1689.2540185451508,"2516,2517,2518,2519"
False,12,5,5,26,16,fifo,False,282,2,True,278,-4.325305478164188,1576.8819160461426,1691.1226387023926,1576.8850057125092,1691.121277332306,"2393,2394,2395,2396"
False,11,14,32,24,1,fifo,False,236,4,False,279,-4.238273174279059,1588.35196018219,1696.2576479911804,1588.3544898033142,1696.2563438415527,"3682,3683,3684,3685"
True,2,3,6,24,32,fifo_wait,False,263,1,True,271,-4.853287286036174,1539.9923696517944,1707.1919164657593,1539.994907617569,1707.1907753944397,"2550,2551,2552,2553"
False,7,14,15,14,1,fifo_wait,False,5,8,False,245,F10001,1383.8781180381775,1713.0266861915588,1383.8804323673248,1713.025311946869,"4036,4132,4528,4529"
False,14,7,23,41,32,fifo,True,3,2,False,295,F10003,1691.245590209961,1726.3808197975159,1691.248006105423,1726.379550933838,"2393,2394,2395,2396"
False,5,9,21,28,1,fifo_wait,False,25,1,False,250,-5.652710208471697,1412.8402111530304,1735.7540385723114,1412.8425455093384,1735.752867937088,"164,165,166,167"
True,1,4,21,53,8,fifo,False,651,8,True,293,-2.988974491090611,1682.8565907478333,1740.8889060020447,1682.8591120243073,1740.8877177238464,"2201,2202,2203,2204"
True,16,5,29,62,16,fifo_wait,False,1,8,False,270,-5.111692564059247,1536.345474243164,1741.431762456894,1536.3480956554413,1741.4305560588837,"2554,2555,2556,2557"
True,13,16,29,32,16,fifo_wait,False,2,8,False,277,-4.931065252476296,1572.5824489593506,1749.0545287132263,1572.5852723121643,1749.0532486438751,"2420,2421,2422,2423"
True,9,16,1,63,2,fifo_wait,True,12,4,False,263,-5.350805446894496,1501.2351276874542,1749.8617296218872,1501.2384400367737,1749.8605160713196,"251,254,255,256"
True,11,12,25,48,32,fifo_wait,True,1929,8,True,294,-3.3565625720362013,1689.3780753612518,1757.5882980823517,1689.3807888031006,1757.587076663971,"2516,2517,2518,2519"
False,9,16,1,38,16,fifo_wait,True,4,4,True,276,-5.105987897243122,1568.3229653835297,1771.3964052200317,1568.3255999088287,1771.3951077461243,"2429,2432,2510,2511"
True,5,3,22,4,2,fifo_wait,False,119,2,True,252,F10001,1423.2623245716095,1771.5213453769684,1423.2650272846222,1771.4548788070679,"2209,2390,2391,2392"
False,1,15,13,57,1,fifo_wait,True,75,2,True,288,-4.636668853047462,1634.7682683467865,1775.2854890823364,1634.770981311798,1775.284291267395,"160,161,162,163"
False,7,14,27,5,4,fifo,False,43,4,False,254,F10001,1433.109994649887,1781.0216479301453,1433.1129295825958,1781.0204753875732,"3094,3210,3257,3284"
True,14,16,29,6,32,fifo_wait,False,454,4,True,291,-4.695906284249569,1659.3284690380096,1807.730256319046,1659.3310837745667,1807.729059457779,"2779,3001,3007,3074"
True,6,8,22,12,16,fifo,True,3,1,True,257,F10001,1464.1929051876068,1812.0646228790283,1464.195515871048,1812.063315629959,"2397,2398,2399,2400"
False,2,5,30,3,4,fifo,True,2,1,False,258,F10001,1469.8568572998047,1818.7871451377869,1469.859287261963,1818.7860403060913,"2735,2736,2737,2778"
False,3,13,16,36,32,fifo_wait,True,613,8,True,304,-3.3943640877977765,1750.1455538272858,1818.9123435020447,1750.148461341858,1818.886991262436,"251,254,255,256"
True,5,7,11,0,2,fifo_wait,True,5,2,False,260,F10001,1472.082709312439,1819.9690759181976,1472.0853216648102,1819.9680452346802,"257,1530,1842,1848"
False,14,10,25,19,8,fifo,True,84,2,True,261,F10001,1478.4560704231262,1826.3774816989899,1478.458484172821,1826.3763732910156,"3643,3644,3645,3646"
False,1,7,28,15,4,fifo,False,10,4,True,286,-5.13977288141351,1619.580144405365,1827.8476178646088,1619.5830974578857,1827.8464386463165,"3486,3487,3488,3489"
True,16,10,31,57,8,fifo,False,15,1,False,266,F10001,1515.248592376709,1846.7359387874603,1515.2509865760803,1846.7348539829254,"3569,3640,3641,3642"
False,14,2,4,12,32,fifo,False,67,1,True,281,-5.375685732123708,1594.3520748615265,1849.599957227707,1594.3546657562256,1849.5988132953644,"3648,3649,3680,3681"
False,15,8,2,28,2,fifo_wait,False,61,8,False,308,-3.619189017956741,1775.4125776290894,1850.7208445072174,1775.4152054786682,1850.7197406291962,"160,161,162,163"
False,10,5,6,9,1,fifo,True,1296,1,True,299,-4.5004627903342875,1726.5068740844727,1854.310048341751,1726.5095074176788,1854.3090081214905,"2393,2394,2395,2396"
False,16,7,1,2,1,fifo_wait,True,313,2,False,306,-4.062275812696595,1771.5201134681702,1866.997264623642,1771.5227835178375,1866.9962027072906,"2429,2432,2510,2511"
False,2,9,10,47,32,fifo_wait,True,255,16,True,313,-2.917413911674691,1819.0343098640442,1876.9018366336823,1819.036654472351,1876.9006798267365,"251,254,255,256"
True,1,15,29,30,8,fifo_wait,True,39,8,False,311,-3.5966270944088494,1812.1926093101501,1887.8096849918365,1812.1951024532318,1887.80828332901,"2397,2398,2399,2400"
False,1,5,24,1,4,fifo_wait,True,26,8,True,272,F10001,1541.8543927669525,1890.1346397399902,1541.8572528362274,1890.1334624290466,"2558,2559,2669,2734"
True,14,16,30,23,16,fifo,False,8,1,False,273,F10001,1550.7977850437164,1899.706114768982,1550.8004729747772,1899.7048943042755,"3480,3481,3482,3485"
True,5,12,29,54,32,fifo,True,168,2,True,274,F10001,1551.4641284942627,1904.5137910842896,1551.4667522907257,1904.5126168727875,"2205,2206,2207,2208"
False,3,9,18,31,4,fifo_wait,False,62,4,False,312,-3.9477452985476766,1818.911111831665,1908.387586593628,1818.9132084846497,1908.3863680362701,"2735,2736,2737,2778"
True,4,7,3,44,4,fifo_wait,True,52,4,True,316,-3.9343479392291663,1828.0193603038788,1916.4532647132874,1828.0219781398773,1916.452065706253,"3486,3487,3488,3489"
True,13,16,2,39,2,fifo_wait,False,403,4,False,319,-3.400947350406946,1850.8526947498322,1918.1707541942596,1850.8553109169006,1918.1695003509521,"160,161,162,163"
False,12,11,7,7,4,fifo_wait,False,10,4,False,300,-5.034976625482414,1735.8820686340332,1926.9733147621155,1735.8846163749695,1926.972237586975,"164,165,166,167"
False,6,11,15,31,1,fifo_wait,True,4,4,False,285,F10001,1601.4550585746765,1931.0306916236877,1601.4575839042664,1931.0295853614807,"168,169,210,211"
True,12,8,3,28,32,fifo_wait,True,17,4,True,310,-4.487854041321145,1807.8555119037628,1936.1083588600159,1807.8579211235046,1936.1071343421936,"2779,3001,3007,3074"
True,11,15,26,48,16,fifo,False,228,8,True,284,F10001,1597.6177315711975,1948.0095920562744,1597.6202275753021,1948.0084145069122,"1849,2138,2139,2200"
False,12,4,22,4,32,fifo_wait,False,317,16,False,321,-3.7445506514843974,1867.1201403141022,1950.5515427589417,1867.1226654052734,1950.5502071380615,"2429,2432,2510,2511"
True,3,4,1,25,4,fifo,True,1005,8,False,326,-2.7821615065837095,1904.638132572174,1960.3380053043365,1904.6406989097595,1960.3367142677307,"2205,2206,2207,2208"
False,4,13,5,17,32,fifo_wait,True,147,2,True,315,-4.597358756054604,1826.6639301776886,1964.551236152649,1826.6665802001953,1964.550008058548,"3643,3644,3645,3646"
True,7,16,17,5,32,fifo_wait,True,730,8,True,323,-3.826262482158348,1887.96639585495,1978.9513132572174,1887.9688534736633,1978.949963092804,"2397,2398,2399,2400"
True,11,13,22,17,4,fifo,False,145,16,True,322,-4.205715976179757,1877.211126089096,1983.358871459961,1877.2137084007263,1983.357717037201,"251,254,255,256"
False,13,3,28,17,16,fifo,True,4,8,True,289,F10001,1635.2177801132202,1983.4839351177216,1635.220222234726,1983.4580760002136,"212,213,214,215"
True,7,7,4,43,1,fifo,False,11,1,False,292,F10001,1667.9106707572937,1996.848380804062,1667.913405418396,1996.8472082614899,"3686,3687,3688,3689"
False,1,16,14,39,32,fifo_wait,False,48,16,False,332,-3.1064817426836075,1936.2344872951508,2001.2115042209625,1936.2370405197144,2001.2101502418518,"2779,3001,3007,3074"
True,13,16,3,34,16,fifo_wait,False,3,8,True,317,-4.810109032647455,1846.8600533008575,2007.9277465343475,1846.862392425537,2007.9266633987427,"3569,3640,3641,3642"
False,7,16,18,43,32,fifo,False,103,2,True,290,F10001,1655.938410282135,2014.3745019435883,1655.9409339427948,2014.3733892440796,"2424,2426,2427,2428"
False,10,5,20,48,1,fifo,False,104,4,False,330,-4.0762807223585025,1927.1121382713318,2025.877118587494,1927.1145043373108,2025.8759698867798,"164,165,166,167"
True,3,7,28,47,2,fifo,False,1673,4,True,336,-3.2767484280586547,1964.6757125854492,2028.8203964233398,1964.6784870624542,2028.8190412521362,"3643,3644,3645,3646"
True,1,9,28,24,8,fifo,False,17,8,True,325,-4.498261806339976,1899.8331282138824,2029.596429347992,1899.835619688034,2029.5952863693237,"3480,3481,3482,3485"
False,16,15,14,63,16,fifo_wait,False,566,1,True,318,-4.999810247457422,1849.738709449768,2036.575368642807,1849.7409672737122,2036.5741486549377,"3648,3649,3680,3681"
False,12,5,12,59,4,fifo_wait,True,2,2,True,298,F10001,1713.3405392169952,2042.6961007118225,1713.343288898468,2042.6950106620789,"4036,4132,4528,4529"
True,8,12,21,28,1,fifo_wait,True,16,2,True,303,-5.581483005250089,1749.1783361434937,2051.8161115646362,1749.1809177398682,2051.8150498867035,"2420,2421,2422,2423"
False,12,8,30,27,32,fifo,True,1,4,True,296,F10001,1696.3851156234741,2055.6021966934204,1696.3878433704376,2055.600972175598,"3682,3683,3684,3685"
True,4,12,17,11,8,fifo,True,5,4,True,297,F10001,1707.3234415054321,2056.144285917282,1707.3260250091553,2056.1432185173035,"2550,2551,2552,2553"
False,13,11,13,9,32,fifo_wait,True,976,1,True,314,-5.3285458474174066,1820.097008228302,2064.666016101837,1820.0993683338165,2064.6647758483887,"257,1530,1842,1848"
True,16,7,3,7,8,fifo,False,966,8,False,343,-2.85720556795966,2014.5009694099426,2069.8134486675262,2014.503536939621,2069.8121795654297,"2424,2426,2427,2428"
False,14,13,8,22,4,fifo_wait,True,128,2,True,337,-4.089983399494905,1979.075395822525,2076.10741519928,1979.0784802436829,2076.106052160263,"2397,2398,2399,2400"
False,5,14,15,5,8,fifo_wait,False,143,2,False,301,F10001,1741.0152115821838,2088.8648710250854,1741.0181994438171,2088.8635976314545,"2201,2202,2203,2204"
False,3,9,7,22,16,fifo,False,92,2,True,334,-4.621210843982123,1950.838829278946,2092.247177362442,1950.8414883613586,2092.2458629608154,"2429,2432,2510,2511"
False,8,10,12,12,2,fifo_wait,False,44,8,False,340,-4.082137019114356,1996.9777085781097,2094.589992761612,1996.9801225662231,2094.5888204574585,"3686,3687,3688,3689"
True,14,10,27,61,4,fifo_wait,True,719,4,False,345,-3.3421760572106622,2028.9502389431,2094.9972219467163,2028.9527051448822,2094.9961111545563,"3643,3644,3645,3646"
True,13,1,18,63,32,fifo,False,14,1,True,302,F10001,1741.5593547821045,2095.5824472904205,1741.5618035793304,2095.5812723636627,"2554,2555,2556,2557"
False,16,1,27,29,4,fifo_wait,False,7,2,True,307,F10001,1771.6385717391968,2100.934341430664,1771.6412506103516,2100.9330739974976,"2209,2390,2391,2392"
False,12,7,30,58,4,fifo_wait,True,122,1,False,331,-4.884618453512769,1931.156474351883,2102.3472142219543,1931.1589004993439,2102.3459661006927,"168,169,210,211"
True,7,12,25,4,2,fifo_wait,True,7,8,False,305,F10001,1757.7122468948364,2105.541862010956,1757.715115070343,2105.540770292282,"2516,2517,2518,2519"
True,16,8,5,54,32,fifo_wait,True,1670,1,True,329,-5.001560912820548,1918.296618461609,2106.327490091324,1918.2992293834686,2106.3263161182404,"160,161,162,163"
False,3,7,25,37,2,fifo_wait,False,1390,2,False,346,-3.8687876845102545,2029.722216129303,2114.9143743515015,2029.7246301174164,2114.913202047348,"3480,3481,3482,3485"
False,4,4,18,25,4,fifo_wait,True,109,8,True,350,-3.2580657683173304,2055.7274630069733,2119.7610619068146,2055.730294942856,2119.759919643402,"3682,3683,3684,3685"
True,1,6,16,9,16,fifo,False,2,8,False,309,F10001,1781.1477978229523,2128.95099234581,1781.1504907608032,2128.9499242305756,"3094,3210,3257,3284"
True,1,10,4,21,8,fifo,True,1213,1,False,338,-4.682205298454945,1983.4826946258545,2129.7922291755676,1983.4850306510925,2129.7909817695618,"251,254,255,256"
False,6,15,1,8,32,fifo_wait,True,1180,1,False,327,-5.251513977433338,1908.5124151706696,2138.227376461029,1908.5150425434113,2138.2262597084045,"2735,2736,2737,2778"
False,3,16,19,1,8,fifo_wait,True,75,4,False,324,-5.34024115387162,1890.2580273151398,2142.8263261318207,1890.260402917862,2142.824976682663,"2558,2559,2669,2734"
False,8,3,31,55,32,fifo,True,1356,2,True,355,F10003,2089.0067915916443,2147.2122733592987,2089.009614944458,2147.211034297943,"2201,2202,2203,2204"
False,10,9,31,30,32,fifo_wait,False,967,16,True,356,-2.8122900890913334,2092.42196559906,2148.3988239765167,2092.4246163368225,2148.3974187374115,"2429,2432,2510,2511"
True,15,3,20,35,2,fifo_wait,False,130,2,False,349,-4.1789307786634495,2051.942371368408,2154.6825149059296,2051.944940328598,2154.6813480854034,"2420,2421,2422,2423"
False,7,10,7,51,16,fifo_wait,True,272,4,False,357,-3.708682081410116,2094.71452832222,2174.5051758289337,2094.717183113098,2174.5040154457092,"3686,3687,3688,3689"
True,12,8,29,46,8,fifo_wait,True,283,4,True,363,-3.4604375161063294,2106.4528465270996,2176.7211422920227,2106.455589532852,2176.719961643219,"160,161,162,163"
False,4,5,29,21,32,fifo,True,672,8,False,364,-3.204135721346447,2115.041567325592,2179.5179011821747,2115.044124364853,2179.516634941101,"3480,3481,3482,3485"
False,7,14,29,12,4,fifo,True,1649,16,False,366,-2.8028632876791963,2129.2354044914246,2183.92041683197,2129.237811565399,2183.919067621231,"3094,3210,3257,3284"
False,3,11,25,53,16,fifo_wait,False,13,1,False,320,F10001,1854.4331781864166,2184.949041366577,1854.435787677765,2184.947816133499,"2393,2394,2395,2396"
True,7,5,6,29,32,fifo,True,24,2,False,369,F10003,2142.9536747932434,2197.9878346920013,2142.957001209259,2197.986523628235,"2558,2559,2669,2734"
True,8,5,23,18,8,fifo,False,3,8,False,333,-5.35330258738038,1948.1354548931122,2199.224273443222,1948.1379141807556,2199.2230327129364,"1849,2138,2139,2200"
False,1,7,25,63,2,fifo,False,10,8,True,328,-5.515362359400377,1916.76105427742,2203.40300989151,1916.7637627124786,2203.401802301407,"3486,3487,3488,3489"
True,16,5,6,29,16,fifo,True,442,1,False,353,-4.873952273639354,2070.1105482578278,2239.4672989845276,2070.1132221221924,2239.466116666794,"2424,2426,2427,2428"
True,16,8,4,17,4,fifo_wait,True,87,2,False,367,-4.300976544761199,2129.921867132187,2241.5129947662354,2129.9243619441986,2241.511711835861,"251,254,255,256"
False,16,9,2,12,8,fifo,False,218,4,True,373,-3.5811216227452594,2174.629937648773,2248.448030948639,2174.632546901703,2248.446798324585,"3686,3687,3688,3689"
True,4,14,3,14,8,fifo_wait,False,7,2,False,342,-5.323097780161834,2008.054874420166,2250.5803184509277,2008.0574572086334,2250.5790276527405,"3569,3640,3641,3642"
False,7,6,20,18,8,fifo,False,194,4,False,377,-3.541107139199071,2185.071776866913,2258.59051156044,2185.074380874634,2258.5893335342407,"2393,2394,2395,2396"
True,1,5,20,24,4,fifo,True,7,8,False,351,-5.1502986808903355,2056.26776099205,2266.7346410751343,2056.2699642181396,2266.7333612442017,"2550,2551,2552,2553"
False,16,2,20,52,32,fifo_wait,True,76,1,True,354,-5.07070132855927,2076.2333014011383,2274.1467134952545,2076.235912799835,2274.1453006267548,"2397,2398,2399,2400"
False,14,10,22,33,16,fifo,True,32,8,True,362,-4.906141069766387,2105.681348800659,2279.410703897476,2105.6839179992676,2279.409407377243,"2516,2517,2518,2519"
True,2,14,31,29,8,fifo,False,271,16,True,381,-2.582789275589868,2239.5965671539307,2290.946781873703,2239.5990941524506,2290.945604324341,"2424,2426,2427,2428"
False,6,11,23,40,8,fifo_wait,True,13,2,True,352,-5.242561498093081,2064.788558959961,2293.0339210033417,2064.791201353073,2293.032773733139,"257,1530,1842,1848"
True,12,15,24,23,2,fifo_wait,True,4,16,True,335,F10001,1960.464896440506,2308.178926706314,1960.4675250053406,2308.1778111457825,"2205,2206,2207,2208"
True,2,5,17,55,4,fifo_wait,False,507,1,True,376,-4.550515458836695,2184.060145139694,2316.1882989406586,2184.062716960907,2316.1869263648987,"3094,3210,3257,3284"
False,9,2,2,5,8,fifo,False,7,16,False,375,-4.611778304202336,2179.6452519893646,2319.373744726181,2179.6478140354156,2319.3724977970123,"3480,3481,3482,3485"
True,3,8,32,46,1,fifo,True,704,8,True,386,-2.8957240753227738,2266.8594465255737,2323.5332803726196,2266.8620371818542,2323.532078742981,"2550,2551,2552,2553"
False,7,11,5,44,8,fifo,False,1948,1,True,374,-4.738791574562857,2176.8456194400787,2330.0022644996643,2176.848228931427,2330.0010845661163,"160,161,162,163"
False,8,15,17,63,8,fifo,False,5,4,True,341,F10001,2001.5008652210236,2331.284993171692,2001.5039529800415,2331.2836940288544,"2779,3001,3007,3074"
False,14,7,15,9,4,fifo,True,2,16,True,347,-5.587945045080232,2036.8743245601654,2342.370352268219,2036.876796722412,2342.368993997574,"3648,3649,3680,3681"
True,11,11,23,24,16,fifo_wait,True,43,8,False,388,-3.4950094701909213,2279.535353422165,2351.1831719875336,2279.5379173755646,2351.1818878650665,"2516,2517,2518,2519"
False,4,7,4,33,1,fifo_wait,True,17,8,False,368,-5.30705408999042,2138.3518357276917,2378.2140378952026,2138.354280233383,2378.212767601013,"2735,2736,2737,2778"
False,4,3,14,30,8,fifo,False,172,2,True,387,-4.191862908292409,2274.269523859024,2379.2437419891357,2274.2721507549286,2379.242512702942,"2397,2398,2399,2400"
False,14,1,12,40,32,fifo_wait,True,300,1,True,382,-4.664693024593668,2241.6417508125305,2386.1909182071686,2241.644715309143,2386.1898279190063,"251,254,255,256"
False,6,11,7,2,4,fifo_wait,True,27,8,True,359,-5.549993951464534,2095.8821976184845,2391.757717370987,2095.8847439289093,2391.7565155029297,"2554,2555,2556,2557"
True,12,10,6,59,32,fifo,False,9,1,True,348,F10001,2042.819542169571,2396.3134260177612,2042.8219063282013,2396.3122975826263,"4036,4132,4528,4529"
True,6,2,26,35,2,fifo,True,1442,8,True,398,-2.7333800090145006,2351.3115379810333,2404.668242454529,2351.3140120506287,2404.6669628620148,"2516,2517,2518,2519"
True,8,13,3,45,4,fifo_wait,False,254,2,True,393,-4.03659361993066,2319.496784210205,2414.0688865184784,2319.499336004257,2414.0678720474243,"3480,3481,3482,3485"
True,2,1,13,6,8,fifo_wait,False,36,2,False,389,-4.596541061956683,2291.071607351303,2428.5801010131836,2291.074232816696,2428.5787999629974,"2424,2426,2427,2428"
True,4,6,25,55,2,fifo,True,1,1,False,360,F10001,2101.063592672348,2429.890151500702,2101.066086292267,2429.888905286789,"2209,2390,2391,2392"
True,13,7,18,19,2,fifo_wait,True,41,8,True,394,-4.260437929133462,2323.6592631340027,2433.1077494621277,2323.6618235111237,2433.106703042984,"2550,2551,2552,2553"
False,7,7,26,9,2,fifo,False,2,2,True,358,F10001,2095.119756937027,2443.4854028224945,2095.1222229003906,2443.484335422516,"3643,3644,3645,3646"
True,7,13,9,6,16,fifo_wait,False,645,16,True,400,-3.308957816026469,2379.372194290161,2445.2328808307648,2379.3749449253082,2445.2317039966583,"2397,2398,2399,2400"
True,11,11,5,52,32,fifo,True,35,4,True,361,F10001,2102.4745938777924,2456.219824075699,2102.477160215378,2456.2187416553497,"168,169,210,211"
False,8,3,20,59,4,fifo,False,1167,8,False,404,-2.8372112242258622,2404.9687025547028,2460.2681369781494,2404.971242904663,2460.2669203281403,"2516,2517,2518,2519"
True,16,5,20,8,2,fifo_wait,True,3,8,False,371,F10001,2148.5238814353943,2495.9380419254303,2148.5264415740967,2495.9370334148407,"2429,2432,2510,2511"
False,5,15,2,51,2,fifo,True,40,1,False,379,-5.560543159890383,2199.3490788936615,2497.223450899124,2199.3516030311584,2497.2223682403564,"1849,2138,2139,2200"
True,1,7,14,51,1,fifo_wait,False,71,16,False,403,-4.203931135505839,2396.4395956993103,2501.3123619556427,2396.4422092437744,2501.3112411499023,"4036,4132,4528,4529"
True,3,4,12,4,32,fifo_wait,False,3,2,False,372,F10001,2154.966323852539,2502.499242067337,2154.9689741134644,2502.4981303215027,"2420,2421,2422,2423"
True,14,12,22,27,2,fifo_wait,True,475,1,False,378,-4.597673153336448,2198.2885553836823,2513.1404461860657,2198.291137933731,2513.1393337249756,"2558,2559,2669,2734"
True,5,5,8,34,1,fifo_wait,True,69,8,True,408,-4.0956120919001755,2433.2350330352783,2531.4235093593597,2433.237378835678,2531.4224326610565,"2550,2551,2552,2553"
True,13,15,12,27,2,fifo,False,573,2,True,411,-3.9408922495908056,2456.3446147441864,2545.2670633792877,2456.34686422348,2545.265874147415,"168,169,210,211"
False,16,16,6,24,16,fifo,False,48,4,False,405,-4.526678774432287,2414.1958696842194,2545.4061889648438,2414.1984264850616,2545.405075073242,"3480,3481,3482,3485"
False,11,3,10,27,32,fifo_wait,True,69,16,False,413,-2.568090572521754,2496.062495946884,2548.3631982803345,2496.0649104118347,2548.36190867424,"2429,2432,2510,2511"
True,14,16,21,8,2,fifo,False,55,1,False,380,F10001,2203.53072309494,2551.17786860466,2203.533486366272,2551.1766633987427,"3486,3487,3488,3489"
False,13,10,2,55,32,fifo_wait,True,4,2,True,383,F10001,2248.5743265151978,2578.235822200775,2248.5768444538116,2578.234699487686,"3686,3687,3688,3689"
True,15,12,12,16,1,fifo,False,186,1,False,406,-4.729942075942035,2428.707382917404,2578.961483001709,2428.71022605896,2578.960268497467,"2424,2426,2427,2428"
False,15,1,14,11,16,fifo_wait,True,7,2,False,384,F10001,2250.7060844898224,2581.6673636436462,2250.7086789608,2581.6662578582764,"3569,3640,3641,3642"
False,7,9,5,57,4,fifo_wait,False,1,2,True,385,F10001,2258.8761525154114,2589.620341539383,2258.8788640499115,2589.6191625595093,"2393,2394,2395,2396"
False,15,9,20,33,2,fifo,True,179,1,True,409,-4.773046240433826,2443.614150285721,2599.7888560295105,2443.616508245468,2599.7876448631287,"3643,3644,3645,3646"
True,9,16,10,38,2,fifo_wait,False,1137,2,True,418,-3.9211710343251345,2531.547887325287,2619.516796350479,2531.5505034923553,2619.515474319458,"2550,2551,2552,2553"
True,7,13,17,57,16,fifo_wait,False,305,2,True,417,-4.273753548263453,2513.425873041153,2622.6114406585693,2513.4283106327057,2622.6102316379547,"2558,2559,2669,2734"
True,13,13,19,43,16,fifo,True,30,1,True,390,F10001,2293.159346818924,2623.140709400177,2293.162477493286,2623.1396086215973,"257,1530,1842,1848"
False,4,12,30,14,1,fifo,False,375,4,False,420,-3.7029450679386477,2545.5285456180573,2624.1022684574127,2545.5309331417084,2624.1010756492615,"3480,3481,3482,3485"
False,14,1,8,32,32,fifo,False,52,8,True,339,F10003,1983.6066765785217,2626.3554356098175,1983.6092126369476,2626.3543632030487,"212,213,214,215"
False,4,15,5,35,2,fifo_wait,True,8,8,True,399,-5.372872738603495,2378.3433544635773,2631.6869943141937,2378.345854997635,2631.6858670711517,"2735,2736,2737,2778"
False,8,3,18,63,4,fifo_wait,True,1692,4,True,423,-3.2620847284531576,2578.5333185195923,2642.396814584732,2578.5358431339264,2642.3955976963043,"3686,3687,3688,3689"
False,1,3,10,30,16,fifo,False,1,16,True,396,-5.630767238582216,2331.4158084392548,2649.908352613449,2331.418240070343,2649.9072544574738,"2779,3001,3007,3074"
False,9,15,17,51,4,fifo_wait,False,25,4,False,419,-4.252685024070292,2545.390967130661,2654.065681219101,2545.3934354782104,2654.06454706192,"168,169,210,211"
False,11,7,8,51,16,fifo,False,14,16,False,391,F10001,2308.494797706604,2657.700822353363,2308.4975242614746,2657.6996808052063,"2205,2206,2207,2208"
False,7,1,15,14,4,fifo,True,11,2,True,395,F10001,2330.1285557746887,2659.3635318279266,2330.1311433315277,2659.3624205589294,"160,161,162,163"
False,3,5,18,15,8,fifo_wait,False,2,8,False,407,-5.260246791732015,2430.0178248882294,2660.708556652069,2430.020250082016,2660.7073180675507,"2209,2390,2391,2392"
True,5,15,14,42,8,fifo,False,16,4,True,410,-5.178429617535596,2445.5156235694885,2661.9975488185883,2445.5181427001953,2661.996349334717,"2397,2398,2399,2400"
False,16,1,23,3,8,fifo,False,260,1,False,392,F10001,2316.3155767917633,2664.2644741535187,2316.3182883262634,2664.2633306980133,"3094,3210,3257,3284"
True,5,15,3,60,8,fifo_wait,True,1276,16,False,431,-2.534831091056791,2624.2328748703003,2676.3954906463623,2624.235403060913,2676.394181251526,"3480,3481,3482,3485"
False,1,8,22,2,8,fifo_wait,True,1,4,True,397,F10001,2342.6689836978912,2690.879418849945,2342.671725988388,2690.878158569336,"3648,3649,3680,3681"
True,16,7,23,27,8,fifo,True,491,2,False,427,-4.059074833639789,2599.923537015915,2695.2092275619507,2599.9259996414185,2695.2079453468323,"3643,3644,3645,3646"
True,16,2,19,34,32,fifo,False,1152,1,False,344,F10001,2026.004465341568,2698.1946980953217,2026.006957769394,2698.1935369968414,"164,165,166,167"
True,10,13,7,22,1,fifo,True,1645,16,False,441,-2.383353690991596,2664.3917367458344,2713.3747839927673,2664.394077062607,2713.3736107349396,"3094,3210,3257,3284"
False,8,7,18,43,2,fifo,False,5,1,True,401,F10001,2386.3243613243103,2715.113580942154,2386.326816558838,2715.112405538559,"251,254,255,256"
True,8,3,30,44,4,fifo,True,2031,4,True,436,-3.2688728794998796,2654.3693387508392,2718.2923731803894,2654.371913433075,2718.2911851406097,"168,169,210,211"
False,8,15,20,23,16,fifo,False,9,16,True,415,-5.19826496014051,2501.482659101486,2721.9071855545044,2501.485493659973,2721.905877828598,"4036,4132,4528,4529"
True,1,2,26,28,4,fifo,True,163,2,False,433,-4.0510977552188185,2631.816702604294,2726.366950035095,2631.8192813396454,2726.3657093048096,"2735,2736,2737,2778"
True,5,7,28,9,16,fifo_wait,False,2,16,False,402,F10001,2391.8870294094086,2739.7396914958954,2391.8896923065186,2739.7386310100555,"2554,2555,2556,2557"
False,12,13,26,51,8,fifo,True,83,2,True,426,-4.745166883414822,2589.7467761039734,2743.468595266342,2589.749128818512,2743.4673988819122,"2393,2394,2395,2396"
False,5,4,25,31,2,fifo_wait,True,323,8,True,444,-3.0272260956403847,2695.3377516269684,2754.0541517734528,2695.340476512909,2754.0528955459595,"3643,3644,3645,3646"
True,16,10,25,50,8,fifo_wait,True,479,8,False,445,-2.9384103169298856,2698.3229575157166,2756.162880897522,2698.3255751132965,2756.1616537570953,"164,165,166,167"
True,5,9,2,60,8,fifo,True,36,16,True,428,-4.575913348150707,2619.64493227005,2756.4025082588196,2619.6474187374115,2756.4013957977295,"2550,2551,2552,2553"
False,3,16,27,10,8,fifo,True,904,4,False,438,-4.144771481415023,2659.4895584583282,2760.421163082123,2659.491887807846,2760.419925928116,"160,161,162,163"
True,8,14,20,22,2,fifo,True,162,1,False,430,-4.745053860084078,2623.431640625,2775.7032833099365,2623.433981895447,2775.7019879817963,"257,1530,1842,1848"
True,16,16,5,15,32,fifo_wait,False,3,4,False,424,-5.06891049150863,2579.0897159576416,2776.7984597682953,2579.091999053955,2776.7972676754,"2424,2426,2427,2428"
False,5,12,11,45,4,fifo_wait,True,18,1,True,412,-5.631190276213777,2460.389610528946,2776.9302237033844,2460.392516374588,2776.803988456726,"2516,2517,2518,2519"
False,11,4,20,28,8,fifo_wait,True,333,1,True,435,-4.64303421002397,2650.036907196045,2791.2683851718903,2650.039281845093,2791.267169713974,"2779,3001,3007,3074"
False,13,7,23,55,32,fifo_wait,False,1490,4,False,449,-3.7158937597319874,2722.217105150223,2802.0611534118652,2722.2196803092957,2802.059870004654,"4036,4132,4528,4529"
False,4,5,9,25,1,fifo_wait,False,754,2,False,450,-3.8906624852467755,2726.4984035491943,2812.746842622757,2726.5008618831635,2812.7455775737762,"2735,2736,2737,2778"
False,3,2,9,6,8,fifo,False,1111,2,True,442,-4.626099629169121,2676.702373981476,2816.117381334305,2676.7053513526917,2816.1160492897034,"3480,3481,3482,3485"
False,11,5,12,43,4,fifo_wait,True,227,4,False,452,-3.572567523351937,2743.597468852997,2817.3461883068085,2743.600032567978,2817.344805240631,"2393,2394,2395,2396"
False,1,13,15,45,1,fifo,True,16,16,True,416,-5.638055692260212,2502.6241030693054,2821.3922753334045,2502.626266002655,2821.3910298347473,"2420,2421,2422,2423"
False,9,16,10,16,1,fifo,False,131,2,True,447,-4.26845051875845,2715.243363380432,2824.0347747802734,2715.2462391853333,2824.0336854457855,"251,254,255,256"
True,15,14,32,27,8,fifo_wait,True,1972,2,False,446,-4.279338932753777,2713.5390903949738,2824.4064807891846,2713.541695356369,2824.4053497314453,"3094,3210,3257,3284"
True,13,10,7,45,1,fifo_wait,False,355,4,True,455,-3.4412094482793383,2756.703649520874,2825.5507822036743,2756.7064065933228,2825.5496532917023,"2550,2551,2552,2553"
True,12,4,6,17,1,fifo_wait,True,3,1,False,414,F10001,2497.3506276607513,2826.5819642543793,2497.3528909683228,2826.5807178020477,"1849,2138,2139,2200"
False,12,2,27,16,2,fifo_wait,True,1750,8,False,457,-3.0027029220347923,2775.8589193820953,2833.937441587448,2775.8615193367004,2833.9362268447876,"257,1530,1842,1848"
False,2,1,4,16,8,fifo_wait,True,106,8,True,459,-3.1345198283242173,2777.059758901596,2838.6216979026794,2777.0622396469116,2838.620483160019,"2516,2517,2518,2519"
True,4,10,29,48,16,fifo,False,628,8,False,439,-5.141505649299131,2660.838719844818,2871.404945373535,2660.8413660526276,2871.4036433696747,"2209,2390,2391,2392"
True,10,2,24,57,1,fifo_wait,False,475,4,False,462,-3.4109001571235407,2812.873002052307,2880.743503332138,2812.875499486923,2880.7423646450043,"2735,2736,2737,2778"
False,7,3,29,40,32,fifo_wait,True,1061,8,True,467,-2.9538420002938053,2824.7027411460876,2883.410961866379,2824.7052760124207,2883.4097821712494,"3094,3210,3257,3284"
False,11,8,4,34,1,fifo_wait,False,61,8,False,460,-4.047609285324927,2791.399353504181,2886.1692159175873,2791.4018170833588,2886.1679241657257,"2779,3001,3007,3074"
True,12,13,5,2,8,fifo_wait,False,84,4,True,440,-5.241127775751504,2662.126052379608,2888.9118654727936,2662.128562927246,2888.910598754883,"2397,2398,2399,2400"
False,8,8,6,32,1,fifo_wait,True,39,1,True,434,-5.346297679066604,2642.525403022766,2889.66100525856,2642.5278046131134,2889.6598048210144,"3686,3687,3688,3689"
False,1,14,20,23,8,fifo_wait,True,13,4,False,453,-4.592379735811527,2754.192758321762,2891.7316524982452,2754.1955058574677,2891.730502128601,"3643,3644,3645,3646"
False,15,14,25,24,2,fifo,True,1,8,True,421,F10001,2548.5169734954834,2896.4551424980164,2548.5194664001465,2896.453940153122,"2429,2432,2510,2511"
False,5,10,24,2,8,fifo,False,1,1,True,422,F10001,2551.310473680496,2900.3183450698853,2551.3133895397186,2900.3170652389526,"3486,3487,3488,3489"
True,4,16,20,27,8,fifo,False,609,4,False,470,-3.5505020528192723,2834.06960272789,2907.2900109291077,2834.0729100704193,2907.288450717926,"257,1530,1842,1848"
False,2,12,8,50,4,fifo,True,2,4,True,425,F10001,2581.802059173584,2912.887226819992,2581.804435491562,2912.8860070705414,"3569,3640,3641,3642"
True,7,8,4,35,1,fifo,False,929,2,True,468,-3.907024533857374,2825.675361394882,2913.272293329239,2825.6778631210327,2913.2710344791412,"2550,2551,2552,2553"
False,9,2,19,25,1,fifo,False,336,1,False,458,-4.596094122851506,2776.928953886032,2913.482446670532,2776.9317770004272,2913.4813375473022,"2424,2426,2427,2428"
True,1,9,32,9,2,fifo,False,753,4,False,471,-3.7728804711801596,2838.7509779930115,2919.609946489334,2838.753710269928,2919.6087148189545,"2516,2517,2518,2519"
True,2,12,26,33,16,fifo,False,11,4,True,429,F10001,2622.7376000881195,2955.092683315277,2622.7403547763824,2955.091360092163,"2558,2559,2669,2734"
False,13,6,30,32,16,fifo_wait,True,3,1,False,432,F10001,2626.4810786247253,2963.7902483940125,2626.4834883213043,2963.78902387619,"212,213,214,215"
False,15,2,6,3,16,fifo_wait,True,24,16,False,480,-3.6814141580026645,2900.624986410141,2978.2097096443176,2900.627905845642,2978.208188533783,"3486,3487,3488,3489"
False,5,14,4,33,8,fifo_wait,True,1516,2,True,477,-4.0651697529124995,2889.790479660034,2986.5756833553314,2889.793165206909,2986.574512720108,"3686,3687,3688,3689"
False,2,8,7,15,1,fifo_wait,True,9,4,False,437,F10001,2657.8269147872925,2986.956643819809,2657.829319000244,2986.9555456638336,"2205,2206,2207,2208"
False,3,14,7,29,2,fifo_wait,False,972,1,False,472,-4.570119008228261,2871.5321350097656,3005.235691308975,2871.534654378891,3005.2344641685486,"2209,2390,2391,2392"
False,13,5,4,44,2,fifo,True,885,2,True,485,-3.932325507765977,2919.773654460907,3008.1178348064423,2919.776340007782,3008.1166944503784,"2516,2517,2518,2519"
True,6,8,27,12,2,fifo,False,1605,2,True,481,-4.246368696839732,2907.4153685569763,3014.4417431354523,2907.41787815094,3014.440630197525,"257,1530,1842,1848"
False,5,1,22,30,16,fifo,False,9,4,True,443,F10001,2691.009260416031,3021.1396920681,2691.011981487274,3021.1385385990143,"3648,3649,3680,3681"
False,1,7,5,42,16,fifo,False,13,16,False,456,-5.402474658622607,2760.5518519878387,3021.69202375412,2760.5544357299805,3021.6909012794495,"160,161,162,163"
False,5,4,6,31,16,fifo_wait,True,965,1,False,478,-4.662013550205119,2891.8621232509613,3035.338609457016,2891.864664554596,3035.3374633789062,"3643,3644,3645,3646"
False,14,1,19,58,8,fifo_wait,True,6,8,False,476,-4.895112202840717,2889.040097951889,3061.82981801033,2889.042748451233,3061.8286254405975,"2397,2398,2399,2400"
False,5,1,31,1,32,fifo_wait,False,438,1,False,448,F10001,2718.426395177841,3066.9892268180847,2718.4292283058167,3066.988154411316,"168,169,210,211"
True,13,9,13,21,32,fifo,True,7,2,True,454,F10001,2756.292660474777,3087.820887327194,2756.2948908805847,3087.8196952342987,"164,165,166,167"
True,9,4,25,59,8,fifo_wait,True,23,1,False,463,-5.470521245153706,2816.241480588913,3091.988347530365,2816.2439227104187,3091.9871079921722,"3480,3481,3482,3485"
True,15,11,20,55,32,fifo,True,2,2,False,451,F10001,2739.8706090450287,3093.3500034809113,2739.8730597496033,3093.3488924503326,"2554,2555,2556,2557"
True,14,8,15,35,2,fifo_wait,False,26,8,True,486,-4.643554010586278,2955.425472974777,3097.528619289398,2955.4282891750336,3097.527419090271,"2558,2559,2669,2734"
True,10,8,11,12,32,fifo_wait,True,1247,2,True,489,-4.306958201425036,2986.7050335407257,3099.3502740859985,2986.707628250122,3099.3491082191467,"3686,3687,3688,3689"
False,13,4,30,40,2,fifo_wait,True,89,2,False,494,-4.314364573694244,3021.2662773132324,3133.4487161636353,3021.269068479538,3133.4473357200623,"3648,3649,3680,3681"
True,10,9,31,26,8,fifo,False,176,4,False,498,-3.6207959904189115,3067.1134235858917,3141.5281019210815,3067.1159343719482,3141.5268375873566,"168,169,210,211"
True,13,16,15,30,8,fifo_wait,False,118,4,True,497,-3.751504426834974,3062.1392352581024,3143.378543615341,3062.1418912410736,3143.3772649765015,"2397,2398,2399,2400"
True,8,15,16,37,32,fifo_wait,True,2,4,True,479,-5.357288857991219,2896.5847079753876,3147.50736951828,2896.5872066020966,3147.50616312027,"2429,2432,2510,2511"
False,11,13,21,61,4,fifo,False,4,4,False,464,F10001,2817.470918893814,3148.720272541046,2817.4734392166138,3148.71915268898,"2393,2394,2395,2396"
False,11,6,10,52,16,fifo_wait,True,177,16,False,501,-2.7921155762198775,3093.477932214737,3149.0229938030243,3093.4804174900055,3149.021792650223,"2554,2555,2556,2557"
False,9,14,12,4,2,fifo_wait,True,35,4,False,461,F10001,2802.3545820713043,3149.7978372573853,2802.3570458889008,3149.7967875003815,"4036,4132,4528,4529"
True,16,3,10,52,4,fifo_wait,True,116,16,False,503,-2.8738131962576343,3099.476732492447,3155.6287643909454,3099.4792556762695,3155.6276292800903,"3686,3687,3688,3689"
False,5,10,26,44,32,fifo_wait,False,1309,4,True,499,-3.799181241555658,3087.9464366436005,3171.1445167064667,3087.9486725330353,3171.143317461014,"164,165,166,167"
True,1,14,32,5,8,fifo,False,3,8,True,466,F10001,2824.1589906215668,3172.1993522644043,2824.161599636078,3172.1982753276825,"251,254,255,256"
False,11,7,6,60,32,fifo,True,1,4,True,465,F10001,2821.516972541809,3174.36212015152,2821.5192472934723,3174.3609535694122,"2420,2421,2422,2423"
True,3,10,29,11,1,fifo,True,24,1,False,469,F10001,2826.707990884781,3174.666399717331,2826.711060523987,3174.665289402008,"1849,2138,2139,2200"
False,10,16,20,22,32,fifo_wait,True,191,8,False,504,-3.5720141222385964,3133.7544231414795,3208.5606644153595,3133.757303237915,3208.5594890117645,"3648,3649,3680,3681"
True,16,13,20,50,2,fifo,False,5,2,True,473,F10001,2880.8741471767426,3211.771811723709,2880.876795053482,3211.7705109119415,"2735,2736,2737,2778"
False,9,1,27,45,4,fifo_wait,True,490,4,False,507,-3.33340022359633,3147.6410052776337,3214.104349374771,3147.6441102027893,3214.10302901268,"2429,2432,2510,2511"
False,7,16,1,20,8,fifo_wait,False,6,1,False,475,F10001,2886.314290046692,3216.6624591350555,2886.3169605731964,3216.6613595485687,"2779,3001,3007,3074"
True,10,14,30,19,16,fifo_wait,True,73,4,True,474,F10001,2883.713820695877,3231.557350873947,2883.7163650989532,3231.556138277054,"3094,3210,3257,3284"
False,13,10,31,59,2,fifo,False,5,4,False,482,F10001,2913.017876625061,3242.5565848350525,2913.020520210266,3242.5555090904236,"3569,3640,3641,3642"
True,16,1,30,44,4,fifo,True,19,8,False,492,-5.332511042218016,3008.244382381439,3257.7427985668182,3008.246647834778,3257.7416529655457,"2516,2517,2518,2519"
True,8,12,25,12,4,fifo_wait,True,59,1,True,483,F10001,2913.4419951438904,3261.680790424347,2913.4445419311523,3261.6796839237213,"2550,2551,2552,2553"
True,12,10,17,42,2,fifo,True,77,2,False,506,-4.474438299657959,3143.5092487335205,3272.7124378681183,3143.5117733478546,3272.711139202118,"2397,2398,2399,2400"
False,1,16,29,53,1,fifo_wait,False,16,8,True,488,-5.561362168628038,2978.336898326874,3277.976454973221,2978.3397691249847,3277.975296974182,"3486,3487,3488,3489"
False,15,6,21,15,32,fifo,True,549,2,False,502,-4.947794885903996,3097.6705133914948,3279.587775707245,3097.673173189163,3279.5865840911865,"2558,2559,2669,2734"
True,8,13,5,35,32,fifo,True,8,4,False,484,F10001,2913.640344619751,3287.4672091007233,2913.6433804035187,3287.4660592079163,"2424,2426,2427,2428"
True,11,8,8,2,16,fifo,False,27,1,False,487,F10001,2963.952358484268,3311.6074426174164,2963.955085992813,3311.606332063675,"212,213,214,215"
True,4,3,28,8,4,fifo_wait,True,1756,8,False,521,-3.0212440627227144,3242.6869792938232,3314.93674993515,3242.689399242401,3314.935527086258,"3569,3640,3641,3642"
True,10,16,3,25,2,fifo_wait,False,131,1,False,511,-4.803537321200514,3155.757378578186,3315.482066631317,3155.7599291801453,3315.4808382987976,"3686,3687,3688,3689"
True,6,3,32,59,8,fifo,True,1,4,False,490,F10001,2987.086269378662,3317.0730125904083,2987.0888257026672,3317.0718626976013,"2205,2206,2207,2208"
True,3,13,7,36,4,fifo,False,583,16,False,522,-2.4128017982530445,3257.8723838329315,3322.1387951374054,3257.8750791549683,3322.137523651123,"2516,2517,2518,2519"
True,11,15,22,47,16,fifo_wait,False,3,8,False,505,-4.994817516729158,3141.6646342277527,3328.0237016677856,3141.6674630641937,3328.022397518158,"168,169,210,211"
False,13,6,13,44,1,fifo,False,3,2,False,493,F10001,3014.580632209778,3343.4925973415375,3014.583155632019,3343.4911937713623,"257,1530,1842,1848"
True,1,12,23,53,16,fifo_wait,True,1,8,False,508,-5.084684693106033,3148.854231119156,3349.497054576874,3148.857093811035,3349.495813369751,"2393,2394,2395,2396"
False,8,5,21,6,8,fifo_wait,True,22,2,False,491,F10001,3005.364550113678,3353.224758386612,3005.367176055908,3353.223607778549,"2209,2390,2391,2392"
False,2,1,32,1,1,fifo_wait,True,30,1,True,496,F10001,3035.466052532196,3364.087182998657,3035.4685151576996,3364.0860056877136,"3643,3644,3645,3646"
False,16,14,17,2,4,fifo_wait,True,1360,16,True,530,-2.93887616695578,3315.614493370056,3373.154370069504,3315.6171164512634,3373.153038263321,"3686,3687,3688,3689"
True,11,9,17,41,32,fifo,True,55,8,True,495,F10001,3021.819887161255,3385.4490315914154,3021.822370290756,3385.447760105133,"160,161,162,163"
True,10,14,27,61,4,fifo_wait,False,17,2,True,515,-5.16523730063172,3174.8004245758057,3387.346989631653,3174.8031487464905,3387.3458194732666,"1849,2138,2139,2200"
False,13,4,24,45,8,fifo,False,32,8,False,526,-4.473093734423322,3279.718390226364,3407.5399947166443,3279.7208881378174,3407.5389041900635,"2558,2559,2669,2734"
True,16,6,29,6,2,fifo_wait,False,84,4,False,513,-5.3302132415316,3172.3319244384766,3416.3105936050415,3172.3344242572784,3416.3093605041504,"251,254,255,256"
True,16,13,25,51,4,fifo_wait,False,2,1,False,500,F10001,3092.126785993576,3421.1503348350525,3092.1295244693756,3421.14914727211,"3480,3481,3482,3485"
True,8,7,24,31,8,fifo_wait,True,449,1,True,525,-4.653207686024545,3278.1083023548126,3422.794814348221,3278.110753774643,3422.7935614585876,"3486,3487,3488,3489"
True,14,1,2,9,32,fifo_wait,True,6,8,False,529,-4.273498607744711,3315.246526002884,3426.4992163181305,3315.2492113113403,3426.497987270355,"3569,3640,3641,3642"
False,3,5,16,24,32,fifo_wait,True,7,8,True,528,-4.584361172455121,3311.7405664920807,3449.312907218933,3311.743097782135,3449.3116381168365,"212,213,214,215"
True,8,4,7,33,32,fifo_wait,False,183,8,False,540,-3.2027220523969677,3387.473587036133,3450.980875492096,3387.4759159088135,3450.979716539383,"1849,2138,2139,2200"
False,10,16,15,51,32,fifo_wait,True,1,4,False,514,-5.4721740303461965,3174.4936509132385,3451.7847118377686,3174.4960350990295,3451.783454656601,"2420,2421,2422,2423"
False,8,1,11,55,8,fifo_wait,False,72,4,True,538,-3.8125031774752722,3373.2801370620728,3457.1573543548584,3373.282780647278,3457.156116247177,"3686,3687,3688,3689"
False,6,1,26,26,4,fifo_wait,False,416,8,False,541,-2.8030573046805447,3407.66893863678,3462.1932983398438,3407.6714606285095,3462.191949367523,"2558,2559,2669,2734"
True,9,1,17,57,8,fifo,False,1,4,True,509,F10001,3149.1530623435974,3478.4985189437866,3149.155742406845,3478.4972348213196,"2554,2555,2556,2557"
True,13,15,22,28,32,fifo,True,679,4,False,543,F10003,3421.2788903713226,3480.782506942749,3421.2813799381256,3480.781258583069,"3480,3481,3482,3485"
True,7,14,2,35,4,fifo,True,2,4,False,510,F10001,3150.110407114029,3481.4735424518585,3150.1126387119293,3481.4723794460297,"4036,4132,4528,4529"
False,11,8,15,20,16,fifo_wait,True,892,8,False,544,-3.0069738495990728,3422.9253776073456,3482.46879029274,3422.9283390045166,3482.4674949645996,"3486,3487,3488,3489"
True,12,10,21,3,16,fifo_wait,False,159,8,False,537,-4.459062904461746,3364.2123742103577,3488.924895763397,3364.2147874832153,3488.923617362976,"3643,3644,3645,3646"
False,10,14,27,32,4,fifo,False,65,2,False,536,-4.60654923466321,3353.529500246048,3491.337518453598,3353.5317356586456,3491.3362748622894,"2209,2390,2391,2392"
