busy_spin,hepnos_num_event_databases,hepnos_num_product_databases,hepnos_num_providers,hepnos_num_rpc_threads,hepnos_pes_per_node,hepnos_pool_type,hepnos_progress_thread,loader_async,loader_async_threads,loader_batch_size,loader_pes_per_node,loader_progress_thread,pep_ibatch_size,pep_no_preloading,pep_no_rdma,pep_num_threads,pep_obatch_size,pep_pes_per_node,pep_progress_thread,job_id,objective,timestamp_submit,timestamp_gather,timestamp_start,timestamp_end
True,12,8,16,33,32,fifo,True,False,15,22,4,False,12,True,False,7,206,32,True,23,-5.037739301869071,2.9970860481262207,3.0033011436462402,0,154.12119938363182
True,4,15,6,12,32,fifo,True,False,48,1357,1,True,846,False,False,28,177,32,True,24,-5.200644133010616,3.120439052581787,3.1267480850219727,154.12119938363182,335.51024230735027
True,5,9,19,12,32,fifo,True,False,13,251,2,False,9,True,False,17,97,1,False,25,-5.334680831749224,3.2877073287963867,3.2942442893981934,335.51024230735027,542.9167829673002
True,10,7,24,61,1,fifo,True,True,26,1255,8,False,199,True,False,8,49,4,True,26,-4.66838310526631,3.4112250804901123,3.417548179626465,542.9167829673002,649.4421457793205
False,10,8,24,28,2,fifo_wait,False,False,8,2,1,True,19,True,False,3,514,16,False,27,-5.422355630543462,3.5357460975646973,3.5424609184265137,649.4421457793205,875.8539832349218
True,12,7,15,63,32,fifo,True,False,17,8,16,True,159,False,True,17,156,1,False,28,-5.338174818542787,3.659990072250366,3.666316032409668,875.8539832349218,1083.986467088279
True,15,15,32,17,8,fifo,False,False,2,1442,1,True,391,True,True,15,16,1,True,29,-5.479392587247264,3.7836050987243652,3.7899069786071777,1083.986467088279,1323.6875327505677
True,8,7,32,41,8,fifo_wait,False,True,1,2,1,True,67,False,True,17,580,4,False,30,-5.336447605331557,3.95035719871521,3.956850051879883,1323.6875327505677,1531.4608377066893
False,11,1,9,21,1,fifo_wait,False,False,2,3,4,False,314,False,False,9,323,2,False,31,-5.54527013622438,4.075319051742554,4.081642150878906,1531.4608377066893,1787.4845678931417
True,8,11,30,37,32,fifo_wait,False,True,2,17,8,False,292,True,False,19,75,8,True,32,-5.1198660380159575,4.199351072311401,4.205588102340698,1787.4845678931417,1954.7975224375484
False,2,8,15,6,2,fifo,False,False,21,9,2,True,73,False,False,24,48,32,True,33,-5.390059835662658,4.323378086090088,4.329632043838501,1954.7975224375484,2174.01402456375
False,14,7,11,14,2,fifo_wait,False,False,5,9,2,False,30,False,True,29,26,4,False,34,-5.528432652718957,4.447277069091797,4.453642129898071,2174.01402456375,2425.7630480576754
True,16,4,25,56,16,fifo,False,True,5,1779,8,False,53,False,True,11,38,32,True,35,-4.305814587840796,4.615097284317017,4.621646165847778,2425.7630480576754,2499.892623973921
True,11,15,4,62,8,fifo,False,False,1,218,2,True,1002,True,True,24,494,8,True,36,-4.6332104146025745,4.738713264465332,4.744973182678223,2499.892623973921,2602.736329592632
False,3,14,20,2,4,fifo,True,False,11,583,1,True,15,True,True,22,295,32,False,37,-5.298221047040183,4.862298250198364,4.868540048599243,2602.736329592632,2802.7170666187762
False,9,11,1,63,1,fifo_wait,False,True,12,552,2,True,48,False,True,26,69,4,False,38,-4.841577471538188,4.985903263092041,4.992204189300537,2802.7170666187762,2929.3860775886797
True,12,1,5,49,32,fifo,True,False,1,8,1,True,438,True,True,5,63,16,True,39,-5.414012435881716,5.110448122024536,5.11680793762207,2929.3860775886797,3153.9167752802764
True,16,10,32,54,8,fifo_wait,False,False,5,4,16,True,27,True,False,21,544,1,True,40,-5.295369070916283,5.278886318206787,5.2854530811309814,3153.9167752802764,3353.3279845450047
