,objective,timestamp_end
0,-3.81441440676288,47.15375590324402
1,-3.7508216745754006,89.98825192451477
2,-4.441077891773992,175.11300706863403
3,-3.62629601952314,212.97309684753415
4,-3.825766207757492,259.12850189208984
5,-3.632792786974368,297.267578125
6,-3.949275223749255,349.4186198711395
7,-3.68995131388825,389.73916697502136
8,-3.8371911649582815,436.4178080558777
9,-3.763239977035333,479.7848229408264
10,-3.7688473964380735,523.9258959293365
11,-3.824344177467818,570.6408979892731
12,-3.809325983087693,616.5813608169556
13,-3.829203134944201,663.4398918151855
14,-3.812147718894181,709.518187046051
15,-3.737142784803592,752.3910760879517
16,-3.808770110691553,798.3153331279755
17,-3.725944229137872,840.6683151721954
18,-4.0440958507433,898.54652094841
19,-3.8507481417428457,946.5284008979796
20,-3.8592579332533994,994.8130660057068
21,-3.6383907770254167,1033.681097984314
22,-3.776738112422151,1078.2512199878693
23,-3.638700306601272,1117.1386239528656
24,-3.669178985201495,1157.2085030078888
25,-3.628834875504579,1195.791997909546
26,-3.7079515282178415,1237.451261997223
27,-3.5894082778029506,1274.5348410606384
28,-3.6088292070556034,1312.3853750228882
29,-3.623745083804315,1350.712343931198
30,-3.615655730884869,1388.726233959198
31,-3.602019675766539,1426.2478158473969
32,-3.5884799790592976,1463.3472838401794
33,-3.601001812169292,1500.859609127045
34,-3.7473560135096777,1544.1119329929352
35,-3.5767774395341068,1580.8167951107023
36,-3.733135564642741,1623.4909999370575
37,-3.6704899861610514,1663.6319029331207
38,-3.893832753525204,1713.6351091861725
39,-3.6138372603975135,1751.6025400161743
40,-3.62328056163544,1789.9246468544006
41,-3.634301469726603,1828.749305009842
42,-3.6652990550949296,1868.6990458965304
43,-3.6626714905304776,1908.5841059684756
44,-3.634599763392065,1947.4325408935547
45,-3.662523814463417,1987.2629179954529
46,-3.645970991974263,2026.455325841904
47,-3.66260021979969,2066.3148889541626
48,-3.6626445905955354,2106.230429887772
49,-3.632487727426324,2144.916311979294
50,-3.589797256612669,2182.0177550315857
51,-3.6303868471105822,2220.681051015854
52,-3.74154824068622,2263.7370710372925
53,-3.59999508690397,2301.221827030182
54,-3.6362574899579463,2340.115138053894
55,-3.598678524409612,2377.5422039031982
56,-3.646758992921124,2416.8402519226074
57,-3.581556540000731,2453.6482491493225
58,-3.6604766704115215,2493.4135868549347
59,-3.5753537080105096,2530.066236972809
60,-3.6465422842194073,2569.298421859741
61,-3.731553412274325,2611.94157409668
62,-3.6472324203977537,2651.3164319992065
63,-3.590030092133213,2688.508731842041
64,-3.6940433808844695,2729.617089986801
65,-3.608803206584213,2767.42716217041
66,-3.6375035136107097,2806.376941919327
67,-3.718660582463387,2848.4845690727234
68,-3.80115309860419,2894.116436958313
69,-3.5992880697093974,2931.649281024933
70,-3.646743588150396,2970.894455909729
71,-3.609182630366093,3008.7188079357147
72,-3.601858792034884,3046.2660541534424
73,-3.5904981349039216,3083.406357049942
74,-3.698233187500203,3124.727151155472
75,-3.626709035434811,3163.194591999054
76,-3.623286487204216,3201.5376188755035
77,-3.758110910870898,3245.305727958679
78,-3.6375035136107097,3284.2787098884583
79,-3.6466250678114,3323.531865119934
80,-3.630876862456046,3362.199012041092
81,-3.580666337277133,3399.058885097504
82,-3.9454452906092583,3451.6592218875885
83,-3.64749665637817,3490.947259902954
84,-3.600356161621631,3528.521582126617
85,-3.701986408483117,3569.94268488884
